2026-03-28 20:14:54,843 [INFO] assistant: ==================================================
2026-03-28 20:14:54,844 [INFO] assistant:   CannaKit Voice Assistant Starting
2026-03-28 20:14:54,844 [INFO] assistant: ==================================================
2026-03-28 20:14:54,844 [INFO] assistant: [ASSISTANT] Loading Whisper model (first run may take a moment)...
2026-03-28 20:14:56,987 [INFO] stt: [STT] Loading Whisper model: base.en
2026-03-28 20:15:13,522 [INFO] stt: [STT] Whisper model loaded.
2026-03-28 20:15:13,523 [INFO] assistant: [ASSISTANT] Whisper ready.
2026-03-28 20:15:13,523 [INFO] tts: [TTS] Speaking: 'CannaKit voice assistant ready. Say hey cannakit to begin.'
2026-03-28 20:17:34,433 [INFO] assistant: ==================================================
2026-03-28 20:17:34,434 [INFO] assistant:   CannaKit Voice Assistant Starting
2026-03-28 20:17:34,434 [INFO] assistant: ==================================================
2026-03-28 20:17:34,434 [INFO] assistant: [ASSISTANT] Loading Whisper model (first run may take a moment)...
2026-03-28 20:17:36,636 [INFO] stt: [STT] Loading Whisper model: base.en
2026-03-28 20:17:37,975 [INFO] stt: [STT] Whisper model loaded.
2026-03-28 20:17:37,976 [INFO] assistant: [ASSISTANT] Whisper ready.
2026-03-28 20:17:37,977 [INFO] tts: [TTS] Speaking: 'CannaKit voice assistant ready. Say hey cannakit to begin.'
2026-03-28 20:17:46,426 [INFO] wakeword: [WAKEWORD] Loading model: hey_jarvis
2026-03-28 20:18:55,204 [INFO] assistant: ==================================================
2026-03-28 20:18:55,205 [INFO] assistant:   CannaKit Voice Assistant Starting
2026-03-28 20:18:55,205 [INFO] assistant: ==================================================
2026-03-28 20:18:55,205 [INFO] assistant: [ASSISTANT] Loading Whisper model (first run may take a moment)...
2026-03-28 20:18:57,334 [INFO] stt: [STT] Loading Whisper model: base.en
2026-03-28 20:18:58,831 [INFO] stt: [STT] Whisper model loaded.
2026-03-28 20:18:58,831 [INFO] assistant: [ASSISTANT] Whisper ready.
2026-03-28 20:18:58,831 [INFO] tts: [TTS] Speaking: 'CannaKit voice assistant ready. Say hey cannakit to begin.'
2026-03-28 20:19:07,188 [INFO] wakeword: [WAKEWORD] Loading model: hey_jarvis
2026-03-28 20:19:07,797 [INFO] wakeword: [WAKEWORD] Available models: ['alexa', 'hey_mycroft', 'hey_jarvis', 'timer', 'weather']
2026-03-28 20:19:07,797 [INFO] wakeword: [WAKEWORD] Model loaded.
2026-03-28 20:19:07,798 [INFO] wakeword: [WAKEWORD] Starting listen loop...
2026-03-28 20:19:07,798 [INFO] wakeword: [WAKEWORD] Detector started.
2026-03-28 20:19:07,798 [INFO] assistant: [ASSISTANT] Listening for wake word: 'hey jarvis'
2026-03-28 20:19:07,798 [INFO] assistant: [ASSISTANT] (Custom 'hey cannakit' model can be trained later)
2026-03-28 20:19:07,798 [INFO] assistant: [ASSISTANT] Press Ctrl+C to stop.
2026-03-28 20:22:20,384 [INFO] assistant: [ASSISTANT] Shutting down...
2026-03-28 20:22:20,397 [INFO] tts: [TTS] Speaking: 'Goodbye.'
2026-03-28 20:22:24,898 [INFO] assistant: [ASSISTANT] Stopped.
2026-03-28 20:25:41,856 [INFO] assistant: ==================================================
2026-03-28 20:25:41,856 [INFO] assistant:   CannaKit Voice Assistant Starting
2026-03-28 20:25:41,856 [INFO] assistant: ==================================================
2026-03-28 20:25:41,856 [INFO] assistant: [ASSISTANT] Loading Whisper model (first run may take a moment)...
2026-03-28 20:25:44,280 [INFO] stt: [STT] Loading Whisper model: base.en
2026-03-28 20:25:45,789 [INFO] stt: [STT] Whisper model loaded.
2026-03-28 20:25:45,789 [INFO] assistant: [ASSISTANT] Whisper ready.
2026-03-28 20:25:45,789 [INFO] tts: [TTS] Speaking: 'CannaKit voice assistant ready. Say hey cannakit to begin.'
2026-03-28 20:25:54,356 [INFO] wakeword: [WAKEWORD] Loading model: hey_jarvis
2026-03-28 20:25:54,956 [INFO] wakeword: [WAKEWORD] Available models: ['alexa', 'hey_mycroft', 'hey_jarvis', 'timer', 'weather']
2026-03-28 20:25:54,956 [INFO] wakeword: [WAKEWORD] Model loaded.
2026-03-28 20:25:54,957 [INFO] wakeword: [WAKEWORD] Starting listen loop...
2026-03-28 20:25:54,957 [INFO] wakeword: [WAKEWORD] Detector started.
2026-03-28 20:25:54,957 [INFO] assistant: [ASSISTANT] Listening for wake word: 'hey jarvis'
2026-03-28 20:25:54,957 [INFO] assistant: [ASSISTANT] (Custom 'hey cannakit' model can be trained later)
2026-03-28 20:25:54,957 [INFO] assistant: [ASSISTANT] Press Ctrl+C to stop.
2026-03-28 20:26:59,269 [INFO] assistant: [ASSISTANT] Shutting down...
2026-03-28 20:26:59,283 [INFO] tts: [TTS] Speaking: 'Goodbye.'
2026-03-28 20:27:05,418 [INFO] assistant: [ASSISTANT] Stopped.
2026-03-28 21:22:26,999 [INFO] assistant: ==================================================
2026-03-28 21:22:26,999 [INFO] assistant:   CannaKit Voice Assistant — Push-to-Talk
2026-03-28 21:22:26,999 [INFO] assistant: ==================================================
2026-03-28 21:22:26,999 [INFO] assistant: [ASSISTANT] Loading Whisper model...
2026-03-28 21:22:29,141 [INFO] stt: [STT] Loading Whisper model: base.en
2026-03-28 21:22:46,481 [INFO] stt: [STT] Whisper model loaded.
2026-03-28 21:22:46,481 [INFO] assistant: [ASSISTANT] Whisper ready.
2026-03-28 21:22:46,481 [INFO] tts: [TTS] Speaking: 'CannaKit ready. Hold F12 and speak your command.'
2026-03-28 21:22:46,483 [ERROR] tts: [TTS] Error: [Errno 2] No such file or directory: '/root/config/piper/venv/bin/piper'
2026-03-28 21:22:46,529 [INFO] assistant: [ASSISTANT] Listening for F12 keypress. Ctrl+C to quit.
2026-03-28 21:23:02,025 [INFO] assistant: [ASSISTANT] Shutting down...
2026-03-28 21:23:02,026 [INFO] tts: [TTS] Speaking: 'Goodbye.'
2026-03-28 21:23:02,027 [ERROR] tts: [TTS] Error: [Errno 2] No such file or directory: '/root/config/piper/venv/bin/piper'
2026-03-28 21:23:14,708 [INFO] assistant: ==================================================
2026-03-28 21:23:14,712 [INFO] assistant:   CannaKit Voice Assistant — Push-to-Talk
2026-03-28 21:23:14,712 [INFO] assistant: ==================================================
2026-03-28 21:23:14,712 [INFO] assistant: [ASSISTANT] Loading Whisper model...
2026-03-28 21:23:16,874 [INFO] stt: [STT] Loading Whisper model: base.en
2026-03-28 21:23:18,268 [INFO] stt: [STT] Whisper model loaded.
2026-03-28 21:23:18,268 [INFO] assistant: [ASSISTANT] Whisper ready.
2026-03-28 21:23:18,269 [INFO] tts: [TTS] Speaking: 'CannaKit ready. Hold F12 and speak your command.'
2026-03-28 21:23:18,270 [ERROR] tts: [TTS] Error: [Errno 2] No such file or directory: '/root/config/piper/venv/bin/piper'
2026-03-28 21:23:18,312 [INFO] assistant: [ASSISTANT] Listening for F12 keypress. Ctrl+C to quit.
2026-03-28 21:23:24,923 [INFO] assistant: [STATE] → recording
2026-03-28 21:23:25,010 [ERROR] assistant: [PTT] Pipeline error: [Errno -9998] Invalid number of channels
2026-03-28 21:23:25,010 [INFO] tts: [TTS] Speaking: 'Sorry, something went wrong.'
2026-03-28 21:23:25,012 [ERROR] tts: [TTS] Error: [Errno 2] No such file or directory: '/root/config/piper/venv/bin/piper'
2026-03-28 21:23:25,013 [INFO] assistant: [STATE] → idle
2026-03-28 21:23:25,013 [INFO] assistant: [PTT] Ready — press F12 to speak.
2026-03-28 21:23:25,190 [INFO] assistant: [STATE] → recording
2026-03-28 21:23:25,190 [ERROR] assistant: [PTT] Pipeline error: [Errno -9998] Invalid number of channels
2026-03-28 21:23:25,190 [INFO] tts: [TTS] Speaking: 'Sorry, something went wrong.'
2026-03-28 21:23:25,191 [ERROR] tts: [TTS] Error: [Errno 2] No such file or directory: '/root/config/piper/venv/bin/piper'
2026-03-28 21:23:25,191 [INFO] assistant: [STATE] → idle
2026-03-28 21:23:25,192 [INFO] assistant: [PTT] Ready — press F12 to speak.
2026-03-28 21:23:25,230 [INFO] assistant: [STATE] → recording
2026-03-28 21:23:25,230 [ERROR] assistant: [PTT] Pipeline error: [Errno -9998] Invalid number of channels
2026-03-28 21:23:25,230 [INFO] tts: [TTS] Speaking: 'Sorry, something went wrong.'
2026-03-28 21:23:25,230 [ERROR] tts: [TTS] Error: [Errno 2] No such file or directory: '/root/config/piper/venv/bin/piper'
2026-03-28 21:23:25,230 [INFO] assistant: [STATE] → idle
2026-03-28 21:23:25,230 [INFO] assistant: [PTT] Ready — press F12 to speak.
2026-03-28 21:23:25,269 [INFO] assistant: [STATE] → recording
2026-03-28 21:23:25,269 [ERROR] assistant: [PTT] Pipeline error: [Errno -9998] Invalid number of channels
2026-03-28 21:23:25,270 [INFO] tts: [TTS] Speaking: 'Sorry, something went wrong.'
2026-03-28 21:23:25,270 [ERROR] tts: [TTS] Error: [Errno 2] No such file or directory: '/root/config/piper/venv/bin/piper'
2026-03-28 21:23:25,270 [INFO] assistant: [STATE] → idle
2026-03-28 21:23:25,270 [INFO] assistant: [PTT] Ready — press F12 to speak.
2026-03-28 21:23:25,314 [INFO] assistant: [STATE] → recording
2026-03-28 21:23:25,315 [ERROR] assistant: [PTT] Pipeline error: [Errno -9998] Invalid number of channels
2026-03-28 21:23:25,315 [INFO] tts: [TTS] Speaking: 'Sorry, something went wrong.'
2026-03-28 21:23:25,316 [ERROR] tts: [TTS] Error: [Errno 2] No such file or directory: '/root/config/piper/venv/bin/piper'
2026-03-28 21:23:25,316 [INFO] assistant: [STATE] → idle
2026-03-28 21:23:25,316 [INFO] assistant: [PTT] Ready — press F12 to speak.
2026-03-28 21:23:25,354 [INFO] assistant: [STATE] → recording
2026-03-28 21:23:25,354 [ERROR] assistant: [PTT] Pipeline error: [Errno -9998] Invalid number of channels
2026-03-28 21:23:25,354 [INFO] tts: [TTS] Speaking: 'Sorry, something went wrong.'
2026-03-28 21:23:25,355 [ERROR] tts: [TTS] Error: [Errno 2] No such file or directory: '/root/config/piper/venv/bin/piper'
2026-03-28 21:23:25,355 [INFO] assistant: [STATE] → idle
2026-03-28 21:23:25,355 [INFO] assistant: [PTT] Ready — press F12 to speak.
2026-03-28 21:23:25,394 [INFO] assistant: [STATE] → recording
2026-03-28 21:23:25,394 [ERROR] assistant: [PTT] Pipeline error: [Errno -9998] Invalid number of channels
2026-03-28 21:23:25,394 [INFO] tts: [TTS] Speaking: 'Sorry, something went wrong.'
2026-03-28 21:23:25,395 [ERROR] tts: [TTS] Error: [Errno 2] No such file or directory: '/root/config/piper/venv/bin/piper'
2026-03-28 21:23:25,396 [INFO] assistant: [STATE] → idle
2026-03-28 21:23:25,396 [INFO] assistant: [PTT] Ready — press F12 to speak.
2026-03-28 21:23:25,436 [INFO] assistant: [STATE] → recording
2026-03-28 21:23:25,436 [ERROR] assistant: [PTT] Pipeline error: [Errno -9998] Invalid number of channels
2026-03-28 21:23:25,436 [INFO] tts: [TTS] Speaking: 'Sorry, something went wrong.'
2026-03-28 21:23:25,438 [ERROR] tts: [TTS] Error: [Errno 2] No such file or directory: '/root/config/piper/venv/bin/piper'
2026-03-28 21:23:25,438 [INFO] assistant: [STATE] → idle
2026-03-28 21:23:25,438 [INFO] assistant: [PTT] Ready — press F12 to speak.
2026-03-28 21:23:25,473 [INFO] assistant: [STATE] → recording
2026-03-28 21:23:25,473 [ERROR] assistant: [PTT] Pipeline error: [Errno -9998] Invalid number of channels
2026-03-28 21:23:25,474 [INFO] tts: [TTS] Speaking: 'Sorry, something went wrong.'
2026-03-28 21:23:25,474 [ERROR] tts: [TTS] Error: [Errno 2] No such file or directory: '/root/config/piper/venv/bin/piper'
2026-03-28 21:23:25,474 [INFO] assistant: [STATE] → idle
2026-03-28 21:23:25,474 [INFO] assistant: [PTT] Ready — press F12 to speak.
2026-03-28 21:23:25,514 [INFO] assistant: [STATE] → recording
2026-03-28 21:23:25,515 [ERROR] assistant: [PTT] Pipeline error: [Errno -9998] Invalid number of channels
2026-03-28 21:23:25,515 [INFO] tts: [TTS] Speaking: 'Sorry, something went wrong.'
2026-03-28 21:23:25,516 [ERROR] tts: [TTS] Error: [Errno 2] No such file or directory: '/root/config/piper/venv/bin/piper'
2026-03-28 21:23:25,516 [INFO] assistant: [STATE] → idle
2026-03-28 21:23:25,516 [INFO] assistant: [PTT] Ready — press F12 to speak.
2026-03-28 21:23:25,554 [INFO] assistant: [STATE] → recording
2026-03-28 21:23:25,554 [ERROR] assistant: [PTT] Pipeline error: [Errno -9998] Invalid number of channels
2026-03-28 21:23:25,554 [INFO] tts: [TTS] Speaking: 'Sorry, something went wrong.'
2026-03-28 21:23:25,554 [ERROR] tts: [TTS] Error: [Errno 2] No such file or directory: '/root/config/piper/venv/bin/piper'
2026-03-28 21:23:25,555 [INFO] assistant: [STATE] → idle
2026-03-28 21:23:25,555 [INFO] assistant: [PTT] Ready — press F12 to speak.
2026-03-28 21:23:25,593 [INFO] assistant: [STATE] → recording
2026-03-28 21:23:25,594 [ERROR] assistant: [PTT] Pipeline error: [Errno -9998] Invalid number of channels
2026-03-28 21:23:25,594 [INFO] tts: [TTS] Speaking: 'Sorry, something went wrong.'
2026-03-28 21:23:25,595 [ERROR] tts: [TTS] Error: [Errno 2] No such file or directory: '/root/config/piper/venv/bin/piper'
2026-03-28 21:23:25,595 [INFO] assistant: [STATE] → idle
2026-03-28 21:23:25,595 [INFO] assistant: [PTT] Ready — press F12 to speak.
2026-03-28 21:23:25,634 [INFO] assistant: [STATE] → recording
2026-03-28 21:23:25,634 [ERROR] assistant: [PTT] Pipeline error: [Errno -9998] Invalid number of channels
2026-03-28 21:23:25,634 [INFO] tts: [TTS] Speaking: 'Sorry, something went wrong.'
2026-03-28 21:23:25,635 [ERROR] tts: [TTS] Error: [Errno 2] No such file or directory: '/root/config/piper/venv/bin/piper'
2026-03-28 21:23:25,635 [INFO] assistant: [STATE] → idle
2026-03-28 21:23:25,635 [INFO] assistant: [PTT] Ready — press F12 to speak.
2026-03-28 21:23:25,673 [INFO] assistant: [STATE] → recording
2026-03-28 21:23:25,673 [ERROR] assistant: [PTT] Pipeline error: [Errno -9998] Invalid number of channels
2026-03-28 21:23:25,674 [INFO] tts: [TTS] Speaking: 'Sorry, something went wrong.'
2026-03-28 21:23:25,674 [ERROR] tts: [TTS] Error: [Errno 2] No such file or directory: '/root/config/piper/venv/bin/piper'
2026-03-28 21:23:25,674 [INFO] assistant: [STATE] → idle
2026-03-28 21:23:25,674 [INFO] assistant: [PTT] Ready — press F12 to speak.
2026-03-28 21:23:25,714 [INFO] assistant: [STATE] → recording
2026-03-28 21:23:25,715 [ERROR] assistant: [PTT] Pipeline error: [Errno -9998] Invalid number of channels
2026-03-28 21:23:25,715 [INFO] tts: [TTS] Speaking: 'Sorry, something went wrong.'
2026-03-28 21:23:25,716 [ERROR] tts: [TTS] Error: [Errno 2] No such file or directory: '/root/config/piper/venv/bin/piper'
2026-03-28 21:23:25,716 [INFO] assistant: [STATE] → idle
2026-03-28 21:23:25,716 [INFO] assistant: [PTT] Ready — press F12 to speak.
2026-03-28 21:23:25,757 [INFO] assistant: [STATE] → recording
2026-03-28 21:23:25,757 [ERROR] assistant: [PTT] Pipeline error: [Errno -9998] Invalid number of channels
2026-03-28 21:23:25,758 [INFO] tts: [TTS] Speaking: 'Sorry, something went wrong.'
2026-03-28 21:23:25,758 [ERROR] tts: [TTS] Error: [Errno 2] No such file or directory: '/root/config/piper/venv/bin/piper'
2026-03-28 21:23:25,758 [INFO] assistant: [STATE] → idle
2026-03-28 21:23:25,758 [INFO] assistant: [PTT] Ready — press F12 to speak.
2026-03-28 21:23:25,802 [INFO] assistant: [STATE] → recording
2026-03-28 21:23:25,802 [ERROR] assistant: [PTT] Pipeline error: [Errno -9998] Invalid number of channels
2026-03-28 21:23:25,802 [INFO] tts: [TTS] Speaking: 'Sorry, something went wrong.'
2026-03-28 21:23:25,803 [ERROR] tts: [TTS] Error: [Errno 2] No such file or directory: '/root/config/piper/venv/bin/piper'
2026-03-28 21:23:25,803 [INFO] assistant: [STATE] → idle
2026-03-28 21:23:25,803 [INFO] assistant: [PTT] Ready — press F12 to speak.
2026-03-28 21:23:26,699 [INFO] assistant: [STATE] → recording
2026-03-28 21:23:26,699 [ERROR] assistant: [PTT] Pipeline error: [Errno -9998] Invalid number of channels
2026-03-28 21:23:26,699 [INFO] tts: [TTS] Speaking: 'Sorry, something went wrong.'
2026-03-28 21:23:26,701 [ERROR] tts: [TTS] Error: [Errno 2] No such file or directory: '/root/config/piper/venv/bin/piper'
2026-03-28 21:23:26,701 [INFO] assistant: [STATE] → idle
2026-03-28 21:23:26,701 [INFO] assistant: [PTT] Ready — press F12 to speak.
2026-03-28 21:23:26,982 [INFO] assistant: [STATE] → recording
2026-03-28 21:23:26,985 [ERROR] assistant: [PTT] Pipeline error: [Errno -9998] Invalid number of channels
2026-03-28 21:23:26,985 [INFO] tts: [TTS] Speaking: 'Sorry, something went wrong.'
2026-03-28 21:23:26,987 [ERROR] tts: [TTS] Error: [Errno 2] No such file or directory: '/root/config/piper/venv/bin/piper'
2026-03-28 21:23:26,987 [INFO] assistant: [STATE] → idle
2026-03-28 21:23:26,987 [INFO] assistant: [PTT] Ready — press F12 to speak.
2026-03-28 21:23:27,021 [INFO] assistant: [STATE] → recording
2026-03-28 21:23:27,021 [ERROR] assistant: [PTT] Pipeline error: [Errno -9998] Invalid number of channels
2026-03-28 21:23:27,022 [INFO] tts: [TTS] Speaking: 'Sorry, something went wrong.'
2026-03-28 21:23:27,022 [ERROR] tts: [TTS] Error: [Errno 2] No such file or directory: '/root/config/piper/venv/bin/piper'
2026-03-28 21:23:27,022 [INFO] assistant: [STATE] → idle
2026-03-28 21:23:27,022 [INFO] assistant: [PTT] Ready — press F12 to speak.
2026-03-28 21:23:27,062 [INFO] assistant: [STATE] → recording
2026-03-28 21:23:27,064 [ERROR] assistant: [PTT] Pipeline error: [Errno -9998] Invalid number of channels
2026-03-28 21:23:27,064 [INFO] tts: [TTS] Speaking: 'Sorry, something went wrong.'
2026-03-28 21:23:27,065 [ERROR] tts: [TTS] Error: [Errno 2] No such file or directory: '/root/config/piper/venv/bin/piper'
2026-03-28 21:23:27,065 [INFO] assistant: [STATE] → idle
2026-03-28 21:23:27,065 [INFO] assistant: [PTT] Ready — press F12 to speak.
2026-03-28 21:23:27,101 [INFO] assistant: [STATE] → recording
2026-03-28 21:23:27,101 [ERROR] assistant: [PTT] Pipeline error: [Errno -9998] Invalid number of channels
2026-03-28 21:23:27,102 [INFO] tts: [TTS] Speaking: 'Sorry, something went wrong.'
2026-03-28 21:23:27,102 [ERROR] tts: [TTS] Error: [Errno 2] No such file or directory: '/root/config/piper/venv/bin/piper'
2026-03-28 21:23:27,102 [INFO] assistant: [STATE] → idle
2026-03-28 21:23:27,102 [INFO] assistant: [PTT] Ready — press F12 to speak.
2026-03-28 21:23:27,141 [INFO] assistant: [STATE] → recording
2026-03-28 21:23:27,141 [ERROR] assistant: [PTT] Pipeline error: [Errno -9998] Invalid number of channels
2026-03-28 21:23:27,141 [INFO] tts: [TTS] Speaking: 'Sorry, something went wrong.'
2026-03-28 21:23:27,142 [ERROR] tts: [TTS] Error: [Errno 2] No such file or directory: '/root/config/piper/venv/bin/piper'
2026-03-28 21:23:27,142 [INFO] assistant: [STATE] → idle
2026-03-28 21:23:27,142 [INFO] assistant: [PTT] Ready — press F12 to speak.
2026-03-28 21:23:27,181 [INFO] assistant: [STATE] → recording
2026-03-28 21:23:27,181 [ERROR] assistant: [PTT] Pipeline error: [Errno -9998] Invalid number of channels
2026-03-28 21:23:27,181 [INFO] tts: [TTS] Speaking: 'Sorry, something went wrong.'
2026-03-28 21:23:27,182 [ERROR] tts: [TTS] Error: [Errno 2] No such file or directory: '/root/config/piper/venv/bin/piper'
2026-03-28 21:23:27,182 [INFO] assistant: [STATE] → idle
2026-03-28 21:23:27,183 [INFO] assistant: [PTT] Ready — press F12 to speak.
2026-03-28 21:23:27,221 [INFO] assistant: [STATE] → recording
2026-03-28 21:23:27,221 [ERROR] assistant: [PTT] Pipeline error: [Errno -9998] Invalid number of channels
2026-03-28 21:23:27,222 [INFO] tts: [TTS] Speaking: 'Sorry, something went wrong.'
2026-03-28 21:23:27,222 [ERROR] tts: [TTS] Error: [Errno 2] No such file or directory: '/root/config/piper/venv/bin/piper'
2026-03-28 21:23:27,222 [INFO] assistant: [STATE] → idle
2026-03-28 21:23:27,222 [INFO] assistant: [PTT] Ready — press F12 to speak.
2026-03-28 21:23:27,261 [INFO] assistant: [STATE] → recording
2026-03-28 21:23:27,261 [ERROR] assistant: [PTT] Pipeline error: [Errno -9998] Invalid number of channels
2026-03-28 21:23:27,261 [INFO] tts: [TTS] Speaking: 'Sorry, something went wrong.'
2026-03-28 21:23:27,262 [ERROR] tts: [TTS] Error: [Errno 2] No such file or directory: '/root/config/piper/venv/bin/piper'
2026-03-28 21:23:27,262 [INFO] assistant: [STATE] → idle
2026-03-28 21:23:27,262 [INFO] assistant: [PTT] Ready — press F12 to speak.
2026-03-28 21:23:27,810 [INFO] assistant: [STATE] → recording
2026-03-28 21:23:27,811 [ERROR] assistant: [PTT] Pipeline error: [Errno -9998] Invalid number of channels
2026-03-28 21:23:27,811 [INFO] tts: [TTS] Speaking: 'Sorry, something went wrong.'
2026-03-28 21:23:27,811 [ERROR] tts: [TTS] Error: [Errno 2] No such file or directory: '/root/config/piper/venv/bin/piper'
2026-03-28 21:23:27,811 [INFO] assistant: [STATE] → idle
2026-03-28 21:23:27,811 [INFO] assistant: [PTT] Ready — press F12 to speak.
2026-03-28 21:23:28,069 [INFO] assistant: [STATE] → recording
2026-03-28 21:23:28,069 [ERROR] assistant: [PTT] Pipeline error: [Errno -9998] Invalid number of channels
2026-03-28 21:23:28,070 [INFO] tts: [TTS] Speaking: 'Sorry, something went wrong.'
2026-03-28 21:23:28,070 [ERROR] tts: [TTS] Error: [Errno 2] No such file or directory: '/root/config/piper/venv/bin/piper'
2026-03-28 21:23:28,070 [INFO] assistant: [STATE] → idle
2026-03-28 21:23:28,070 [INFO] assistant: [PTT] Ready — press F12 to speak.
2026-03-28 21:23:28,109 [INFO] assistant: [STATE] → recording
2026-03-28 21:23:28,110 [ERROR] assistant: [PTT] Pipeline error: [Errno -9998] Invalid number of channels
2026-03-28 21:23:28,110 [INFO] tts: [TTS] Speaking: 'Sorry, something went wrong.'
2026-03-28 21:23:28,110 [ERROR] tts: [TTS] Error: [Errno 2] No such file or directory: '/root/config/piper/venv/bin/piper'
2026-03-28 21:23:28,110 [INFO] assistant: [STATE] → idle
2026-03-28 21:23:28,111 [INFO] assistant: [PTT] Ready — press F12 to speak.
2026-03-28 21:23:28,149 [INFO] assistant: [STATE] → recording
2026-03-28 21:23:28,149 [ERROR] assistant: [PTT] Pipeline error: [Errno -9998] Invalid number of channels
2026-03-28 21:23:28,150 [INFO] tts: [TTS] Speaking: 'Sorry, something went wrong.'
2026-03-28 21:23:28,150 [ERROR] tts: [TTS] Error: [Errno 2] No such file or directory: '/root/config/piper/venv/bin/piper'
2026-03-28 21:23:28,150 [INFO] assistant: [STATE] → idle
2026-03-28 21:23:28,151 [INFO] assistant: [PTT] Ready — press F12 to speak.
2026-03-28 21:23:28,189 [INFO] assistant: [STATE] → recording
2026-03-28 21:23:28,189 [ERROR] assistant: [PTT] Pipeline error: [Errno -9998] Invalid number of channels
2026-03-28 21:23:28,190 [INFO] tts: [TTS] Speaking: 'Sorry, something went wrong.'
2026-03-28 21:23:28,190 [ERROR] tts: [TTS] Error: [Errno 2] No such file or directory: '/root/config/piper/venv/bin/piper'
2026-03-28 21:23:28,190 [INFO] assistant: [STATE] → idle
2026-03-28 21:23:28,190 [INFO] assistant: [PTT] Ready — press F12 to speak.
2026-03-28 21:23:28,229 [INFO] assistant: [STATE] → recording
2026-03-28 21:23:28,229 [ERROR] assistant: [PTT] Pipeline error: [Errno -9998] Invalid number of channels
2026-03-28 21:23:28,230 [INFO] tts: [TTS] Speaking: 'Sorry, something went wrong.'
2026-03-28 21:23:28,230 [ERROR] tts: [TTS] Error: [Errno 2] No such file or directory: '/root/config/piper/venv/bin/piper'
2026-03-28 21:23:28,230 [INFO] assistant: [STATE] → idle
2026-03-28 21:23:28,230 [INFO] assistant: [PTT] Ready — press F12 to speak.
2026-03-28 21:23:28,269 [INFO] assistant: [STATE] → recording
2026-03-28 21:23:28,269 [ERROR] assistant: [PTT] Pipeline error: [Errno -9998] Invalid number of channels
2026-03-28 21:23:28,270 [INFO] tts: [TTS] Speaking: 'Sorry, something went wrong.'
2026-03-28 21:23:28,270 [ERROR] tts: [TTS] Error: [Errno 2] No such file or directory: '/root/config/piper/venv/bin/piper'
2026-03-28 21:23:28,270 [INFO] assistant: [STATE] → idle
2026-03-28 21:23:28,271 [INFO] assistant: [PTT] Ready — press F12 to speak.
2026-03-28 21:24:23,017 [INFO] assistant: [ASSISTANT] Shutting down...
2026-03-28 21:24:23,018 [INFO] tts: [TTS] Speaking: 'Goodbye.'
2026-03-28 21:24:23,020 [ERROR] tts: [TTS] Error: [Errno 2] No such file or directory: '/root/config/piper/venv/bin/piper'
2026-03-28 21:25:06,028 [INFO] assistant: ==================================================
2026-03-28 21:25:06,028 [INFO] assistant:   CannaKit Voice Assistant — Push-to-Talk
2026-03-28 21:25:06,028 [INFO] assistant: ==================================================
2026-03-28 21:25:06,028 [INFO] assistant: [ASSISTANT] Loading Whisper model...
2026-03-28 21:25:08,194 [INFO] stt: [STT] Loading Whisper model: base.en
2026-03-28 21:25:09,636 [INFO] stt: [STT] Whisper model loaded.
2026-03-28 21:25:09,636 [INFO] assistant: [ASSISTANT] Whisper ready.
2026-03-28 21:25:09,636 [INFO] tts: [TTS] Speaking: 'CannaKit ready. Hold F12 and speak your command.'
2026-03-28 21:25:13,292 [ERROR] tts: [TTS] Error: Could not find sink matching 'Jabra SPEAK 410 Analog'
2026-03-28 21:25:13,339 [INFO] assistant: [ASSISTANT] Listening for F12 keypress. Ctrl+C to quit.
2026-03-28 21:25:21,972 [INFO] assistant: [STATE] → recording
2026-03-28 21:25:22,055 [ERROR] assistant: [PTT] Pipeline error: [Errno -9997] Invalid sample rate
2026-03-28 21:25:22,055 [INFO] tts: [TTS] Speaking: 'Sorry, something went wrong.'
2026-03-28 21:25:22,250 [INFO] assistant: [PTT] Busy — ignoring keypress
2026-03-28 21:25:22,293 [INFO] assistant: [PTT] Busy — ignoring keypress
2026-03-28 21:25:22,334 [INFO] assistant: [PTT] Busy — ignoring keypress
2026-03-28 21:25:22,378 [INFO] assistant: [PTT] Busy — ignoring keypress
2026-03-28 21:25:22,418 [INFO] assistant: [PTT] Busy — ignoring keypress
2026-03-28 21:25:23,987 [INFO] assistant: [PTT] Busy — ignoring keypress
2026-03-28 21:25:24,261 [INFO] assistant: [PTT] Busy — ignoring keypress
2026-03-28 21:25:24,302 [INFO] assistant: [PTT] Busy — ignoring keypress
2026-03-28 21:25:24,346 [INFO] assistant: [PTT] Busy — ignoring keypress
2026-03-28 21:25:24,390 [INFO] assistant: [PTT] Busy — ignoring keypress
2026-03-28 21:25:24,430 [INFO] assistant: [PTT] Busy — ignoring keypress
2026-03-28 21:25:24,474 [INFO] assistant: [PTT] Busy — ignoring keypress
2026-03-28 21:25:24,518 [INFO] assistant: [PTT] Busy — ignoring keypress
2026-03-28 21:25:24,561 [INFO] assistant: [PTT] Busy — ignoring keypress
2026-03-28 21:25:24,606 [INFO] assistant: [PTT] Busy — ignoring keypress
2026-03-28 21:25:24,650 [INFO] assistant: [PTT] Busy — ignoring keypress
2026-03-28 21:25:24,693 [INFO] assistant: [PTT] Busy — ignoring keypress
2026-03-28 21:25:24,734 [INFO] assistant: [PTT] Busy — ignoring keypress
2026-03-28 21:25:24,774 [INFO] assistant: [PTT] Busy — ignoring keypress
2026-03-28 21:25:24,814 [INFO] assistant: [PTT] Busy — ignoring keypress
2026-03-28 21:25:24,858 [INFO] assistant: [PTT] Busy — ignoring keypress
2026-03-28 21:25:24,902 [INFO] assistant: [PTT] Busy — ignoring keypress
2026-03-28 21:25:24,941 [INFO] assistant: [PTT] Busy — ignoring keypress
2026-03-28 21:25:24,982 [INFO] assistant: [PTT] Busy — ignoring keypress
2026-03-28 21:25:25,025 [INFO] assistant: [PTT] Busy — ignoring keypress
2026-03-28 21:25:25,070 [INFO] assistant: [PTT] Busy — ignoring keypress
2026-03-28 21:25:25,117 [INFO] assistant: [PTT] Busy — ignoring keypress
2026-03-28 21:25:25,158 [INFO] assistant: [PTT] Busy — ignoring keypress
2026-03-28 21:25:25,571 [ERROR] tts: [TTS] Error: Could not find sink matching 'Jabra SPEAK 410 Analog'
2026-03-28 21:25:25,572 [INFO] assistant: [STATE] → idle
2026-03-28 21:25:25,572 [INFO] assistant: [PTT] Ready — press F12 to speak.
2026-03-28 21:25:25,827 [INFO] assistant: [STATE] → recording
2026-03-28 21:25:25,828 [ERROR] assistant: [PTT] Pipeline error: [Errno -9997] Invalid sample rate
2026-03-28 21:25:25,828 [INFO] tts: [TTS] Speaking: 'Sorry, something went wrong.'
2026-03-28 21:25:26,094 [INFO] assistant: [PTT] Busy — ignoring keypress
2026-03-28 21:25:26,130 [INFO] assistant: [PTT] Busy — ignoring keypress
2026-03-28 21:25:26,170 [INFO] assistant: [PTT] Busy — ignoring keypress
2026-03-28 21:25:26,213 [INFO] assistant: [PTT] Busy — ignoring keypress
2026-03-28 21:25:26,253 [INFO] assistant: [PTT] Busy — ignoring keypress
2026-03-28 21:25:26,293 [INFO] assistant: [PTT] Busy — ignoring keypress
2026-03-28 21:25:26,334 [INFO] assistant: [PTT] Busy — ignoring keypress
2026-03-28 21:25:26,377 [INFO] assistant: [PTT] Busy — ignoring keypress
2026-03-28 21:25:29,657 [ERROR] tts: [TTS] Error: Could not find sink matching 'Jabra SPEAK 410 Analog'
2026-03-28 21:25:29,658 [INFO] assistant: [STATE] → idle
2026-03-28 21:25:29,658 [INFO] assistant: [PTT] Ready — press F12 to speak.
2026-03-28 21:25:30,556 [INFO] assistant: [ASSISTANT] Shutting down...
2026-03-28 21:25:30,556 [INFO] tts: [TTS] Speaking: 'Goodbye.'
2026-03-28 21:25:33,977 [ERROR] tts: [TTS] Error: Could not find sink matching 'Jabra SPEAK 410 Analog'
2026-03-28 21:26:47,597 [INFO] assistant: ==================================================
2026-03-28 21:26:47,597 [INFO] assistant:   CannaKit Voice Assistant — Push-to-Talk
2026-03-28 21:26:47,597 [INFO] assistant: ==================================================
2026-03-28 21:26:47,597 [INFO] assistant: [ASSISTANT] Loading Whisper model...
2026-03-28 21:26:49,760 [INFO] stt: [STT] Loading Whisper model: base.en
2026-03-28 21:26:51,192 [INFO] stt: [STT] Whisper model loaded.
2026-03-28 21:26:51,192 [INFO] assistant: [ASSISTANT] Whisper ready.
2026-03-28 21:26:51,192 [INFO] tts: [TTS] Speaking: 'CannaKit ready. Hold F12 and speak your command.'
2026-03-28 21:26:55,104 [ERROR] tts: [TTS] pw-play error: error: pw_context_connect() failed: Host is down

2026-03-28 21:26:55,149 [INFO] assistant: [ASSISTANT] Listening for F12 keypress. Ctrl+C to quit.
2026-03-28 21:27:02,106 [INFO] assistant: [STATE] → recording
2026-03-28 21:27:02,209 [INFO] assistant: [PTT] Recording...
2026-03-28 21:27:02,378 [INFO] assistant: [PTT] Busy — ignoring keypress
2026-03-28 21:27:02,433 [INFO] assistant: [PTT] Recorded 0.2s
2026-03-28 21:27:02,433 [INFO] tts: [TTS] Speaking: 'Too short — please hold F12 while speaking.'
2026-03-28 21:27:03,194 [INFO] assistant: [PTT] Busy — ignoring keypress
2026-03-28 21:27:03,462 [INFO] assistant: [PTT] Busy — ignoring keypress
2026-03-28 21:27:03,506 [INFO] assistant: [PTT] Busy — ignoring keypress
2026-03-28 21:27:03,545 [INFO] assistant: [PTT] Busy — ignoring keypress
2026-03-28 21:27:03,587 [INFO] assistant: [PTT] Busy — ignoring keypress
2026-03-28 21:27:03,629 [INFO] assistant: [PTT] Busy — ignoring keypress
2026-03-28 21:27:03,670 [INFO] assistant: [PTT] Busy — ignoring keypress
2026-03-28 21:27:03,710 [INFO] assistant: [PTT] Busy — ignoring keypress
2026-03-28 21:27:03,754 [INFO] assistant: [PTT] Busy — ignoring keypress
2026-03-28 21:27:04,674 [INFO] assistant: [PTT] Busy — ignoring keypress
2026-03-28 21:27:04,938 [INFO] assistant: [PTT] Busy — ignoring keypress
2026-03-28 21:27:04,977 [INFO] assistant: [PTT] Busy — ignoring keypress
2026-03-28 21:27:05,018 [INFO] assistant: [PTT] Busy — ignoring keypress
2026-03-28 21:27:05,061 [INFO] assistant: [PTT] Busy — ignoring keypress
2026-03-28 21:27:05,105 [INFO] assistant: [PTT] Busy — ignoring keypress
2026-03-28 21:27:05,149 [INFO] assistant: [PTT] Busy — ignoring keypress
2026-03-28 21:27:05,189 [INFO] assistant: [PTT] Busy — ignoring keypress
2026-03-28 21:27:05,233 [INFO] assistant: [PTT] Busy — ignoring keypress
2026-03-28 21:27:05,273 [INFO] assistant: [PTT] Busy — ignoring keypress
2026-03-28 21:27:05,313 [INFO] assistant: [PTT] Busy — ignoring keypress
2026-03-28 21:27:05,358 [INFO] assistant: [PTT] Busy — ignoring keypress
2026-03-28 21:27:05,402 [INFO] assistant: [PTT] Busy — ignoring keypress
2026-03-28 21:27:05,445 [INFO] assistant: [PTT] Busy — ignoring keypress
2026-03-28 21:27:05,489 [INFO] assistant: [PTT] Busy — ignoring keypress
2026-03-28 21:27:05,531 [INFO] assistant: [PTT] Busy — ignoring keypress
2026-03-28 21:27:05,569 [INFO] assistant: [PTT] Busy — ignoring keypress
2026-03-28 21:27:05,610 [INFO] assistant: [PTT] Busy — ignoring keypress
2026-03-28 21:27:05,654 [INFO] assistant: [PTT] Busy — ignoring keypress
2026-03-28 21:27:05,697 [INFO] assistant: [PTT] Busy — ignoring keypress
2026-03-28 21:27:05,739 [INFO] assistant: [PTT] Busy — ignoring keypress
2026-03-28 21:27:06,278 [ERROR] tts: [TTS] pw-play error: error: pw_context_connect() failed: Host is down

2026-03-28 21:27:06,278 [INFO] assistant: [STATE] → idle
2026-03-28 21:27:06,278 [INFO] assistant: [PTT] Ready — press F12 to speak.
2026-03-28 21:27:06,835 [INFO] assistant: [STATE] → recording
2026-03-28 21:27:06,931 [INFO] assistant: [PTT] Recording...
2026-03-28 21:27:07,109 [INFO] assistant: [PTT] Busy — ignoring keypress
2026-03-28 21:27:07,143 [INFO] assistant: [PTT] Recorded 0.2s
2026-03-28 21:27:07,143 [INFO] tts: [TTS] Speaking: 'Too short — please hold F12 while speaking.'
2026-03-28 21:27:08,109 [INFO] assistant: [PTT] Busy — ignoring keypress
2026-03-28 21:27:09,914 [INFO] assistant: [PTT] Busy — ignoring keypress
2026-03-28 21:27:10,189 [INFO] assistant: [PTT] Busy — ignoring keypress
2026-03-28 21:27:10,229 [INFO] assistant: [PTT] Busy — ignoring keypress
2026-03-28 21:27:10,269 [INFO] assistant: [PTT] Busy — ignoring keypress
2026-03-28 21:27:10,306 [INFO] assistant: [PTT] Busy — ignoring keypress
2026-03-28 21:27:10,348 [INFO] assistant: [PTT] Busy — ignoring keypress
2026-03-28 21:27:10,386 [INFO] assistant: [PTT] Busy — ignoring keypress
2026-03-28 21:27:10,427 [INFO] assistant: [PTT] Busy — ignoring keypress
2026-03-28 21:27:10,477 [INFO] assistant: [PTT] Busy — ignoring keypress
2026-03-28 21:27:10,510 [INFO] assistant: [PTT] Busy — ignoring keypress
2026-03-28 21:27:10,557 [INFO] assistant: [PTT] Busy — ignoring keypress
2026-03-28 21:27:10,593 [INFO] assistant: [PTT] Busy — ignoring keypress
2026-03-28 21:27:10,637 [INFO] assistant: [PTT] Busy — ignoring keypress
2026-03-28 21:27:10,674 [INFO] assistant: [PTT] Busy — ignoring keypress
2026-03-28 21:27:10,716 [INFO] assistant: [PTT] Busy — ignoring keypress
2026-03-28 21:27:10,756 [INFO] assistant: [PTT] Busy — ignoring keypress
2026-03-28 21:27:10,794 [INFO] assistant: [PTT] Busy — ignoring keypress
2026-03-28 21:27:10,838 [INFO] assistant: [PTT] Busy — ignoring keypress
2026-03-28 21:27:10,878 [INFO] assistant: [PTT] Busy — ignoring keypress
2026-03-28 21:27:10,922 [INFO] assistant: [PTT] Busy — ignoring keypress
2026-03-28 21:27:10,962 [INFO] assistant: [PTT] Busy — ignoring keypress
2026-03-28 21:27:10,969 [ERROR] tts: [TTS] pw-play error: error: pw_context_connect() failed: Host is down

2026-03-28 21:27:10,969 [INFO] assistant: [STATE] → idle
2026-03-28 21:27:10,970 [INFO] assistant: [PTT] Ready — press F12 to speak.
2026-03-28 21:27:11,002 [INFO] assistant: [STATE] → recording
2026-03-28 21:27:11,055 [INFO] assistant: [PTT] Busy — ignoring keypress
2026-03-28 21:27:11,086 [INFO] assistant: [PTT] Busy — ignoring keypress
2026-03-28 21:27:11,091 [INFO] assistant: [PTT] Recording...
2026-03-28 21:27:11,125 [INFO] assistant: [PTT] Busy — ignoring keypress
2026-03-28 21:27:11,165 [INFO] assistant: [PTT] Busy — ignoring keypress
2026-03-28 21:27:11,209 [INFO] assistant: [PTT] Busy — ignoring keypress
2026-03-28 21:27:11,250 [INFO] assistant: [PTT] Busy — ignoring keypress
2026-03-28 21:27:11,290 [INFO] assistant: [PTT] Busy — ignoring keypress
2026-03-28 21:27:11,406 [INFO] assistant: [PTT] Recorded 0.3s
2026-03-28 21:27:11,407 [INFO] tts: [TTS] Speaking: 'Too short — please hold F12 while speaking.'
2026-03-28 21:27:15,246 [ERROR] tts: [TTS] pw-play error: error: pw_context_connect() failed: Host is down

2026-03-28 21:27:15,247 [INFO] assistant: [STATE] → idle
2026-03-28 21:27:15,247 [INFO] assistant: [PTT] Ready — press F12 to speak.
2026-03-28 21:27:18,838 [INFO] assistant: [STATE] → recording
2026-03-28 21:27:18,914 [INFO] assistant: [PTT] Recording...
2026-03-28 21:27:19,109 [INFO] assistant: [PTT] Busy — ignoring keypress
2026-03-28 21:27:19,150 [INFO] assistant: [PTT] Busy — ignoring keypress
2026-03-28 21:27:19,189 [INFO] assistant: [PTT] Busy — ignoring keypress
2026-03-28 21:27:19,229 [INFO] assistant: [PTT] Busy — ignoring keypress
2026-03-28 21:27:19,269 [INFO] assistant: [PTT] Busy — ignoring keypress
2026-03-28 21:27:19,309 [INFO] assistant: [PTT] Busy — ignoring keypress
2026-03-28 21:27:19,351 [INFO] assistant: [PTT] Busy — ignoring keypress
2026-03-28 21:27:19,390 [INFO] assistant: [PTT] Busy — ignoring keypress
2026-03-28 21:27:19,429 [INFO] assistant: [PTT] Busy — ignoring keypress
2026-03-28 21:27:19,470 [INFO] assistant: [PTT] Busy — ignoring keypress
2026-03-28 21:27:19,509 [INFO] assistant: [PTT] Busy — ignoring keypress
2026-03-28 21:27:19,552 [INFO] assistant: [PTT] Busy — ignoring keypress
2026-03-28 21:27:19,590 [INFO] assistant: [PTT] Busy — ignoring keypress
2026-03-28 21:27:19,629 [INFO] assistant: [PTT] Busy — ignoring keypress
2026-03-28 21:27:19,670 [INFO] assistant: [PTT] Busy — ignoring keypress
2026-03-28 21:27:19,709 [INFO] assistant: [PTT] Busy — ignoring keypress
2026-03-28 21:27:19,751 [INFO] assistant: [PTT] Busy — ignoring keypress
2026-03-28 21:27:19,790 [INFO] assistant: [PTT] Busy — ignoring keypress
2026-03-28 21:27:19,829 [INFO] assistant: [PTT] Busy — ignoring keypress
2026-03-28 21:27:19,870 [INFO] assistant: [PTT] Busy — ignoring keypress
2026-03-28 21:27:19,910 [INFO] assistant: [PTT] Busy — ignoring keypress
2026-03-28 21:27:19,952 [INFO] assistant: [PTT] Busy — ignoring keypress
2026-03-28 21:27:19,990 [INFO] assistant: [PTT] Busy — ignoring keypress
2026-03-28 21:27:20,035 [INFO] assistant: [PTT] Busy — ignoring keypress
2026-03-28 21:27:20,073 [INFO] assistant: [PTT] Busy — ignoring keypress
2026-03-28 21:27:20,113 [INFO] assistant: [PTT] Busy — ignoring keypress
2026-03-28 21:27:20,153 [INFO] assistant: [PTT] Busy — ignoring keypress
2026-03-28 21:27:20,193 [INFO] assistant: [PTT] Busy — ignoring keypress
2026-03-28 21:27:20,233 [INFO] assistant: [PTT] Busy — ignoring keypress
2026-03-28 21:27:20,273 [INFO] assistant: [PTT] Busy — ignoring keypress
2026-03-28 21:27:20,313 [INFO] assistant: [PTT] Busy — ignoring keypress
2026-03-28 21:27:20,403 [INFO] assistant: [PTT] Recorded 1.5s
2026-03-28 21:27:20,403 [INFO] assistant: [STATE] → processing
2026-03-28 21:27:20,404 [INFO] tts: [TTS] Speaking: 'Processing...'
2026-03-28 21:27:23,843 [ERROR] tts: [TTS] pw-play error: error: pw_context_connect() failed: Host is down

2026-03-28 21:27:29,636 [INFO] assistant: [PTT] Command: 'You'
2026-03-28 21:27:29,636 [INFO] assistant: [PTT] Response: "I heard you say: You. I'm not sure how to help with that yet."
2026-03-28 21:27:29,636 [INFO] assistant: [STATE] → speaking
2026-03-28 21:27:29,636 [INFO] tts: [TTS] Speaking: "I heard you say: You. I'm not sure how to help with that yet."
2026-03-28 21:27:33,780 [ERROR] tts: [TTS] pw-play error: error: pw_context_connect() failed: Host is down

2026-03-28 21:27:33,780 [INFO] assistant: [STATE] → idle
2026-03-28 21:27:33,780 [INFO] assistant: [PTT] Ready — press F12 to speak.
2026-03-28 21:27:55,318 [INFO] assistant: [ASSISTANT] Shutting down...
2026-03-28 21:27:55,318 [INFO] tts: [TTS] Speaking: 'Goodbye.'
2026-03-28 21:28:00,333 [ERROR] tts: [TTS] pw-play error: error: pw_context_connect() failed: Host is down

2026-03-28 21:33:35,290 [INFO] assistant: ==================================================
2026-03-28 21:33:35,290 [INFO] assistant:   CannaKit Voice Assistant — Push-to-Talk
2026-03-28 21:33:35,290 [INFO] assistant: ==================================================
2026-03-28 21:33:35,290 [INFO] assistant: [ASSISTANT] Loading Whisper model...
2026-03-28 21:33:37,513 [INFO] stt: [STT] Loading Whisper model: base.en
2026-03-28 21:33:38,936 [INFO] stt: [STT] Whisper model loaded.
2026-03-28 21:33:38,936 [INFO] assistant: [ASSISTANT] Whisper ready.
2026-03-28 21:33:38,936 [INFO] tts: [TTS] Speaking: 'CannaKit ready. Hold F12 and speak your command.'
2026-03-28 21:33:45,917 [INFO] assistant: [ASSISTANT] Listening for F12 keypress. Ctrl+C to quit.
2026-03-28 21:33:48,269 [INFO] assistant: [STATE] → recording
2026-03-28 21:33:48,380 [INFO] assistant: [PTT] Recording...
2026-03-28 21:33:48,549 [INFO] assistant: [PTT] Busy — ignoring keypress
2026-03-28 21:33:48,590 [INFO] assistant: [PTT] Busy — ignoring keypress
2026-03-28 21:33:48,630 [INFO] assistant: [PTT] Busy — ignoring keypress
2026-03-28 21:33:48,674 [INFO] assistant: [PTT] Busy — ignoring keypress
2026-03-28 21:33:48,714 [INFO] assistant: [PTT] Busy — ignoring keypress
2026-03-28 21:33:48,753 [INFO] assistant: [PTT] Busy — ignoring keypress
2026-03-28 21:33:48,799 [INFO] assistant: [PTT] Busy — ignoring keypress
2026-03-28 21:33:48,843 [INFO] assistant: [PTT] Busy — ignoring keypress
2026-03-28 21:33:48,882 [INFO] assistant: [PTT] Busy — ignoring keypress
2026-03-28 21:33:48,921 [INFO] assistant: [PTT] Busy — ignoring keypress
2026-03-28 21:33:48,962 [INFO] assistant: [PTT] Busy — ignoring keypress
2026-03-28 21:33:49,001 [INFO] assistant: [PTT] Busy — ignoring keypress
2026-03-28 21:33:49,042 [INFO] assistant: [PTT] Busy — ignoring keypress
2026-03-28 21:33:49,081 [INFO] assistant: [PTT] Busy — ignoring keypress
2026-03-28 21:33:49,121 [INFO] assistant: [PTT] Busy — ignoring keypress
2026-03-28 21:33:49,161 [INFO] assistant: [PTT] Busy — ignoring keypress
2026-03-28 21:33:49,201 [INFO] assistant: [PTT] Busy — ignoring keypress
2026-03-28 21:33:49,245 [INFO] assistant: [PTT] Busy — ignoring keypress
2026-03-28 21:33:49,285 [INFO] assistant: [PTT] Busy — ignoring keypress
2026-03-28 21:33:49,327 [INFO] assistant: [PTT] Busy — ignoring keypress
2026-03-28 21:33:49,366 [INFO] assistant: [PTT] Busy — ignoring keypress
2026-03-28 21:33:49,405 [INFO] assistant: [PTT] Busy — ignoring keypress
2026-03-28 21:33:49,446 [INFO] assistant: [PTT] Busy — ignoring keypress
2026-03-28 21:33:49,490 [INFO] assistant: [PTT] Busy — ignoring keypress
2026-03-28 21:33:49,530 [INFO] assistant: [PTT] Busy — ignoring keypress
2026-03-28 21:33:49,569 [INFO] assistant: [PTT] Busy — ignoring keypress
2026-03-28 21:33:49,610 [INFO] assistant: [PTT] Busy — ignoring keypress
2026-03-28 21:33:49,650 [INFO] assistant: [PTT] Busy — ignoring keypress
2026-03-28 21:33:49,689 [INFO] assistant: [PTT] Busy — ignoring keypress
2026-03-28 21:33:49,734 [INFO] assistant: [PTT] Busy — ignoring keypress
2026-03-28 21:33:49,773 [INFO] assistant: [PTT] Busy — ignoring keypress
2026-03-28 21:33:49,813 [INFO] assistant: [PTT] Busy — ignoring keypress
2026-03-28 21:33:49,858 [INFO] assistant: [PTT] Busy — ignoring keypress
2026-03-28 21:33:49,932 [INFO] assistant: [PTT] Recorded 1.6s
2026-03-28 21:33:49,932 [INFO] assistant: [STATE] → processing
2026-03-28 21:33:49,932 [INFO] tts: [TTS] Speaking: 'Processing...'
2026-03-28 21:33:59,112 [INFO] assistant: [PTT] Command: 'You'
2026-03-28 21:33:59,113 [INFO] assistant: [PTT] Response: "I heard you say: You. I'm not sure how to help with that yet."
2026-03-28 21:33:59,113 [INFO] assistant: [STATE] → speaking
2026-03-28 21:33:59,113 [INFO] tts: [TTS] Speaking: "I heard you say: You. I'm not sure how to help with that yet."
2026-03-28 21:34:07,158 [INFO] assistant: [STATE] → idle
2026-03-28 21:34:07,158 [INFO] assistant: [PTT] Ready — press F12 to speak.
2026-03-28 21:34:11,576 [INFO] assistant: [STATE] → recording
2026-03-28 21:34:11,676 [INFO] assistant: [PTT] Recording...
2026-03-28 21:34:11,846 [INFO] assistant: [PTT] Busy — ignoring keypress
2026-03-28 21:34:11,885 [INFO] assistant: [PTT] Busy — ignoring keypress
2026-03-28 21:34:11,926 [INFO] assistant: [PTT] Busy — ignoring keypress
2026-03-28 21:34:11,966 [INFO] assistant: [PTT] Busy — ignoring keypress
2026-03-28 21:34:12,005 [INFO] assistant: [PTT] Busy — ignoring keypress
2026-03-28 21:34:12,050 [INFO] assistant: [PTT] Busy — ignoring keypress
2026-03-28 21:34:12,093 [INFO] assistant: [PTT] Busy — ignoring keypress
2026-03-28 21:34:12,133 [INFO] assistant: [PTT] Busy — ignoring keypress
2026-03-28 21:34:12,174 [INFO] assistant: [PTT] Busy — ignoring keypress
2026-03-28 21:34:12,213 [INFO] assistant: [PTT] Busy — ignoring keypress
2026-03-28 21:34:12,253 [INFO] assistant: [PTT] Busy — ignoring keypress
2026-03-28 21:34:12,293 [INFO] assistant: [PTT] Busy — ignoring keypress
2026-03-28 21:34:12,337 [INFO] assistant: [PTT] Busy — ignoring keypress
2026-03-28 21:34:12,378 [INFO] assistant: [PTT] Busy — ignoring keypress
2026-03-28 21:34:12,418 [INFO] assistant: [PTT] Busy — ignoring keypress
2026-03-28 21:34:12,462 [INFO] assistant: [PTT] Busy — ignoring keypress
2026-03-28 21:34:12,501 [INFO] assistant: [PTT] Busy — ignoring keypress
2026-03-28 21:34:12,542 [INFO] assistant: [PTT] Busy — ignoring keypress
2026-03-28 21:34:12,583 [INFO] assistant: [PTT] Busy — ignoring keypress
2026-03-28 21:34:12,623 [INFO] assistant: [PTT] Busy — ignoring keypress
2026-03-28 21:34:12,662 [INFO] assistant: [PTT] Busy — ignoring keypress
2026-03-28 21:34:12,705 [INFO] assistant: [PTT] Busy — ignoring keypress
2026-03-28 21:34:12,746 [INFO] assistant: [PTT] Busy — ignoring keypress
2026-03-28 21:34:12,792 [INFO] assistant: [PTT] Busy — ignoring keypress
2026-03-28 21:34:12,830 [INFO] assistant: [PTT] Busy — ignoring keypress
2026-03-28 21:34:12,869 [INFO] assistant: [PTT] Busy — ignoring keypress
2026-03-28 21:34:12,910 [INFO] assistant: [PTT] Busy — ignoring keypress
2026-03-28 21:34:12,950 [INFO] assistant: [PTT] Busy — ignoring keypress
2026-03-28 21:34:12,990 [INFO] assistant: [PTT] Busy — ignoring keypress
2026-03-28 21:34:13,034 [INFO] assistant: [PTT] Busy — ignoring keypress
2026-03-28 21:34:13,074 [INFO] assistant: [PTT] Busy — ignoring keypress
2026-03-28 21:34:13,114 [INFO] assistant: [PTT] Busy — ignoring keypress
2026-03-28 21:34:13,158 [INFO] assistant: [PTT] Busy — ignoring keypress
2026-03-28 21:34:13,201 [INFO] assistant: [PTT] Busy — ignoring keypress
2026-03-28 21:34:13,245 [INFO] assistant: [PTT] Busy — ignoring keypress
2026-03-28 21:34:13,285 [INFO] assistant: [PTT] Busy — ignoring keypress
2026-03-28 21:34:13,326 [INFO] assistant: [PTT] Busy — ignoring keypress
2026-03-28 21:34:13,369 [INFO] assistant: [PTT] Busy — ignoring keypress
2026-03-28 21:34:13,414 [INFO] assistant: [PTT] Busy — ignoring keypress
2026-03-28 21:34:13,460 [INFO] assistant: [PTT] Busy — ignoring keypress
2026-03-28 21:34:13,501 [INFO] assistant: [PTT] Busy — ignoring keypress
2026-03-28 21:34:13,542 [INFO] assistant: [PTT] Busy — ignoring keypress
2026-03-28 21:34:13,582 [INFO] assistant: [PTT] Busy — ignoring keypress
2026-03-28 21:34:13,621 [INFO] assistant: [PTT] Busy — ignoring keypress
2026-03-28 21:34:13,662 [INFO] assistant: [PTT] Busy — ignoring keypress
2026-03-28 21:34:13,701 [INFO] assistant: [PTT] Busy — ignoring keypress
2026-03-28 21:34:13,742 [INFO] assistant: [PTT] Busy — ignoring keypress
2026-03-28 21:34:13,782 [INFO] assistant: [PTT] Busy — ignoring keypress
2026-03-28 21:34:13,821 [INFO] assistant: [PTT] Busy — ignoring keypress
2026-03-28 21:34:13,862 [INFO] assistant: [PTT] Busy — ignoring keypress
2026-03-28 21:34:13,901 [INFO] assistant: [PTT] Busy — ignoring keypress
2026-03-28 21:34:13,942 [INFO] assistant: [PTT] Busy — ignoring keypress
2026-03-28 21:34:13,985 [INFO] assistant: [PTT] Busy — ignoring keypress
2026-03-28 21:34:14,026 [INFO] assistant: [PTT] Busy — ignoring keypress
2026-03-28 21:34:14,069 [INFO] assistant: [PTT] Busy — ignoring keypress
2026-03-28 21:34:14,149 [INFO] assistant: [PTT] Recorded 2.5s
2026-03-28 21:34:14,149 [INFO] assistant: [STATE] → processing
2026-03-28 21:34:14,149 [INFO] tts: [TTS] Speaking: 'Processing...'
2026-03-28 21:34:22,318 [INFO] assistant: [PTT] Command: 'You'
2026-03-28 21:34:22,319 [INFO] assistant: [PTT] Response: "I heard you say: You. I'm not sure how to help with that yet."
2026-03-28 21:34:22,319 [INFO] assistant: [STATE] → speaking
2026-03-28 21:34:22,319 [INFO] tts: [TTS] Speaking: "I heard you say: You. I'm not sure how to help with that yet."
2026-03-28 21:34:30,181 [INFO] assistant: [STATE] → idle
2026-03-28 21:34:30,181 [INFO] assistant: [PTT] Ready — press F12 to speak.
2026-03-28 21:34:33,864 [INFO] assistant: [ASSISTANT] Shutting down...
2026-03-28 21:34:33,864 [INFO] tts: [TTS] Speaking: 'Goodbye.'
2026-03-28 21:43:32,440 [INFO] assistant: ==================================================
2026-03-28 21:43:32,440 [INFO] assistant:   CannaKit Voice Assistant — Push-to-Talk
2026-03-28 21:43:32,440 [INFO] assistant: ==================================================
2026-03-28 21:43:32,441 [INFO] assistant: [ASSISTANT] Loading Whisper model...
2026-03-28 21:43:34,741 [INFO] stt: [STT] Loading Whisper model: base.en
2026-03-28 21:43:36,151 [INFO] stt: [STT] Whisper model loaded.
2026-03-28 21:43:36,151 [INFO] assistant: [ASSISTANT] Whisper ready.
2026-03-28 21:43:36,151 [INFO] tts: [TTS] Speaking: 'CannaKit ready. Hold F12 and speak your command.'
2026-03-28 21:43:42,985 [INFO] assistant: [ASSISTANT] Listening for F12 keypress. Ctrl+C to quit.
2026-03-28 21:43:44,792 [INFO] assistant: [STATE] → recording
2026-03-28 21:43:44,793 [INFO] assistant: [PTT] Recording...
2026-03-28 21:43:45,061 [INFO] assistant: [PTT] Busy — ignoring keypress
2026-03-28 21:43:45,101 [INFO] assistant: [PTT] Busy — ignoring keypress
2026-03-28 21:43:45,145 [INFO] assistant: [PTT] Busy — ignoring keypress
2026-03-28 21:43:45,185 [INFO] assistant: [PTT] Busy — ignoring keypress
2026-03-28 21:43:45,225 [INFO] assistant: [PTT] Busy — ignoring keypress
2026-03-28 21:43:45,265 [INFO] assistant: [PTT] Busy — ignoring keypress
2026-03-28 21:43:45,306 [INFO] assistant: [PTT] Busy — ignoring keypress
2026-03-28 21:43:45,345 [INFO] assistant: [PTT] Busy — ignoring keypress
2026-03-28 21:43:45,386 [INFO] assistant: [PTT] Busy — ignoring keypress
2026-03-28 21:43:45,425 [INFO] assistant: [PTT] Busy — ignoring keypress
2026-03-28 21:43:45,466 [INFO] assistant: [PTT] Busy — ignoring keypress
2026-03-28 21:43:45,506 [INFO] assistant: [PTT] Busy — ignoring keypress
2026-03-28 21:43:45,545 [INFO] assistant: [PTT] Busy — ignoring keypress
2026-03-28 21:43:45,586 [INFO] assistant: [PTT] Busy — ignoring keypress
2026-03-28 21:43:45,625 [INFO] assistant: [PTT] Busy — ignoring keypress
2026-03-28 21:43:45,666 [INFO] assistant: [PTT] Busy — ignoring keypress
2026-03-28 21:43:45,706 [INFO] assistant: [PTT] Busy — ignoring keypress
2026-03-28 21:43:45,745 [INFO] assistant: [PTT] Busy — ignoring keypress
2026-03-28 21:43:45,786 [INFO] assistant: [PTT] Busy — ignoring keypress
2026-03-28 21:43:45,825 [INFO] assistant: [PTT] Busy — ignoring keypress
2026-03-28 21:43:45,866 [INFO] assistant: [PTT] Busy — ignoring keypress
2026-03-28 21:43:45,909 [INFO] assistant: [PTT] Busy — ignoring keypress
2026-03-28 21:43:45,950 [INFO] assistant: [PTT] Busy — ignoring keypress
2026-03-28 21:43:45,990 [INFO] assistant: [PTT] Busy — ignoring keypress
2026-03-28 21:43:46,029 [INFO] assistant: [PTT] Busy — ignoring keypress
2026-03-28 21:43:46,070 [INFO] assistant: [PTT] Busy — ignoring keypress
2026-03-28 21:43:46,109 [INFO] assistant: [PTT] Busy — ignoring keypress
2026-03-28 21:43:46,149 [INFO] assistant: [PTT] Busy — ignoring keypress
2026-03-28 21:43:46,189 [INFO] assistant: [PTT] Busy — ignoring keypress
2026-03-28 21:43:46,229 [INFO] assistant: [PTT] Busy — ignoring keypress
2026-03-28 21:43:46,269 [INFO] assistant: [PTT] Busy — ignoring keypress
2026-03-28 21:43:46,309 [INFO] assistant: [PTT] Busy — ignoring keypress
2026-03-28 21:43:46,351 [INFO] assistant: [PTT] Busy — ignoring keypress
2026-03-28 21:43:46,390 [INFO] assistant: [PTT] Busy — ignoring keypress
2026-03-28 21:43:46,429 [INFO] assistant: [PTT] Busy — ignoring keypress
2026-03-28 21:43:46,470 [INFO] assistant: [PTT] Busy — ignoring keypress
2026-03-28 21:43:46,509 [INFO] assistant: [PTT] Busy — ignoring keypress
2026-03-28 21:43:46,550 [INFO] assistant: [PTT] Busy — ignoring keypress
2026-03-28 21:43:46,590 [INFO] assistant: [PTT] Busy — ignoring keypress
2026-03-28 21:43:46,629 [INFO] assistant: [PTT] Busy — ignoring keypress
2026-03-28 21:43:46,670 [INFO] assistant: [PTT] Busy — ignoring keypress
2026-03-28 21:43:46,713 [INFO] assistant: [PTT] Busy — ignoring keypress
2026-03-28 21:43:46,754 [INFO] assistant: [PTT] Busy — ignoring keypress
2026-03-28 21:43:46,793 [INFO] assistant: [PTT] Busy — ignoring keypress
2026-03-28 21:43:46,838 [INFO] assistant: [PTT] Busy — ignoring keypress
2026-03-28 21:43:46,877 [INFO] assistant: [PTT] Busy — ignoring keypress
2026-03-28 21:43:46,918 [INFO] assistant: [PTT] Busy — ignoring keypress
2026-03-28 21:43:46,957 [INFO] assistant: [PTT] Busy — ignoring keypress
2026-03-28 21:43:47,000 [INFO] assistant: [PTT] Busy — ignoring keypress
2026-03-28 21:43:47,038 [INFO] assistant: [PTT] Busy — ignoring keypress
2026-03-28 21:43:47,077 [INFO] assistant: [PTT] Busy — ignoring keypress
2026-03-28 21:43:47,118 [INFO] assistant: [PTT] Busy — ignoring keypress
2026-03-28 21:43:47,161 [INFO] assistant: [PTT] Busy — ignoring keypress
2026-03-28 21:43:47,201 [INFO] assistant: [PTT] Busy — ignoring keypress
2026-03-28 21:43:47,241 [INFO] assistant: [PTT] Busy — ignoring keypress
2026-03-28 21:43:47,281 [INFO] assistant: [PTT] Busy — ignoring keypress
2026-03-28 21:43:47,325 [INFO] assistant: [PTT] Busy — ignoring keypress
2026-03-28 21:43:47,366 [INFO] assistant: [PTT] Busy — ignoring keypress
2026-03-28 21:43:47,409 [INFO] assistant: [PTT] Busy — ignoring keypress
2026-03-28 21:43:47,450 [INFO] assistant: [PTT] Busy — ignoring keypress
2026-03-28 21:43:47,490 [INFO] assistant: [PTT] Busy — ignoring keypress
2026-03-28 21:43:47,530 [INFO] assistant: [PTT] Busy — ignoring keypress
2026-03-28 21:43:47,570 [INFO] assistant: [PTT] Busy — ignoring keypress
2026-03-28 21:43:47,613 [INFO] assistant: [PTT] Busy — ignoring keypress
2026-03-28 21:43:47,658 [INFO] assistant: [PTT] Busy — ignoring keypress
2026-03-28 21:43:47,702 [INFO] assistant: [PTT] Busy — ignoring keypress
2026-03-28 21:43:47,742 [INFO] assistant: [PTT] Busy — ignoring keypress
2026-03-28 21:43:47,758 [INFO] assistant: [PTT] Recorded 3.0s
2026-03-28 21:43:47,759 [INFO] assistant: [STATE] → processing
2026-03-28 21:43:47,759 [INFO] tts: [TTS] Speaking: 'Processing...'
2026-03-28 21:43:52,827 [ERROR] assistant: [PTT] Pipeline error: a bytes-like object is required, not 'str'
2026-03-28 21:43:52,827 [INFO] tts: [TTS] Speaking: 'Sorry, something went wrong.'
2026-03-28 21:43:58,113 [INFO] assistant: [STATE] → idle
2026-03-28 21:43:58,113 [INFO] assistant: [PTT] Ready — press F12 to speak.
2026-03-28 21:44:02,265 [INFO] assistant: [STATE] → recording
2026-03-28 21:44:02,265 [INFO] assistant: [PTT] Recording...
2026-03-28 21:44:02,518 [INFO] assistant: [PTT] Busy — ignoring keypress
2026-03-28 21:44:02,561 [INFO] assistant: [PTT] Busy — ignoring keypress
2026-03-28 21:44:02,602 [INFO] assistant: [PTT] Busy — ignoring keypress
2026-03-28 21:44:02,642 [INFO] assistant: [PTT] Busy — ignoring keypress
2026-03-28 21:44:02,682 [INFO] assistant: [PTT] Busy — ignoring keypress
2026-03-28 21:44:02,722 [INFO] assistant: [PTT] Busy — ignoring keypress
2026-03-28 21:44:02,761 [INFO] assistant: [PTT] Busy — ignoring keypress
2026-03-28 21:44:02,803 [INFO] assistant: [PTT] Busy — ignoring keypress
2026-03-28 21:44:02,842 [INFO] assistant: [PTT] Busy — ignoring keypress
2026-03-28 21:44:02,883 [INFO] assistant: [PTT] Busy — ignoring keypress
2026-03-28 21:44:02,922 [INFO] assistant: [PTT] Busy — ignoring keypress
2026-03-28 21:44:02,961 [INFO] assistant: [PTT] Busy — ignoring keypress
2026-03-28 21:44:03,003 [INFO] assistant: [PTT] Busy — ignoring keypress
2026-03-28 21:44:03,042 [INFO] assistant: [PTT] Busy — ignoring keypress
2026-03-28 21:44:03,081 [INFO] assistant: [PTT] Busy — ignoring keypress
2026-03-28 21:44:03,125 [INFO] assistant: [PTT] Busy — ignoring keypress
2026-03-28 21:44:03,166 [INFO] assistant: [PTT] Busy — ignoring keypress
2026-03-28 21:44:03,209 [INFO] assistant: [PTT] Busy — ignoring keypress
2026-03-28 21:44:03,250 [INFO] assistant: [PTT] Busy — ignoring keypress
2026-03-28 21:44:03,290 [INFO] assistant: [PTT] Busy — ignoring keypress
2026-03-28 21:44:03,334 [INFO] assistant: [PTT] Busy — ignoring keypress
2026-03-28 21:44:03,377 [INFO] assistant: [PTT] Busy — ignoring keypress
2026-03-28 21:44:03,422 [INFO] assistant: [PTT] Busy — ignoring keypress
2026-03-28 21:44:03,461 [INFO] assistant: [PTT] Busy — ignoring keypress
2026-03-28 21:44:03,502 [INFO] assistant: [PTT] Busy — ignoring keypress
2026-03-28 21:44:03,545 [INFO] assistant: [PTT] Busy — ignoring keypress
2026-03-28 21:44:03,586 [INFO] assistant: [PTT] Busy — ignoring keypress
2026-03-28 21:44:03,625 [INFO] assistant: [PTT] Busy — ignoring keypress
2026-03-28 21:44:03,667 [INFO] assistant: [PTT] Busy — ignoring keypress
2026-03-28 21:44:03,706 [INFO] assistant: [PTT] Busy — ignoring keypress
2026-03-28 21:44:03,745 [INFO] assistant: [PTT] Busy — ignoring keypress
2026-03-28 21:44:03,790 [INFO] assistant: [PTT] Busy — ignoring keypress
2026-03-28 21:44:03,834 [INFO] assistant: [PTT] Busy — ignoring keypress
2026-03-28 21:44:03,877 [INFO] assistant: [PTT] Busy — ignoring keypress
2026-03-28 21:44:03,918 [INFO] assistant: [PTT] Busy — ignoring keypress
2026-03-28 21:44:03,958 [INFO] assistant: [PTT] Busy — ignoring keypress
2026-03-28 21:44:03,998 [INFO] assistant: [PTT] Busy — ignoring keypress
2026-03-28 21:44:04,026 [INFO] assistant: [PTT] Recorded 1.8s
2026-03-28 21:44:04,026 [INFO] assistant: [STATE] → processing
2026-03-28 21:44:04,026 [INFO] tts: [TTS] Speaking: 'Processing...'
2026-03-28 21:44:08,022 [ERROR] assistant: [PTT] Pipeline error: a bytes-like object is required, not 'str'
2026-03-28 21:44:08,023 [INFO] tts: [TTS] Speaking: 'Sorry, something went wrong.'
2026-03-28 21:44:13,257 [INFO] assistant: [STATE] → idle
2026-03-28 21:44:13,257 [INFO] assistant: [PTT] Ready — press F12 to speak.
2026-03-28 21:44:14,225 [INFO] assistant: [ASSISTANT] Shutting down...
2026-03-28 21:44:14,226 [INFO] tts: [TTS] Speaking: 'Goodbye.'
2026-03-28 21:45:56,560 [INFO] assistant: ==================================================
2026-03-28 21:45:56,561 [INFO] assistant:   CannaKit Voice Assistant — Push-to-Talk
2026-03-28 21:45:56,561 [INFO] assistant: ==================================================
2026-03-28 21:45:56,561 [INFO] assistant: [ASSISTANT] Loading Whisper model...
2026-03-28 21:45:58,694 [INFO] stt: [STT] Loading Whisper model: base.en
2026-03-28 21:46:00,101 [INFO] stt: [STT] Whisper model loaded.
2026-03-28 21:46:00,102 [INFO] assistant: [ASSISTANT] Whisper ready.
2026-03-28 21:46:00,102 [INFO] tts: [TTS] Speaking: 'CannaKit ready. Hold F12 and speak your command.'
2026-03-28 21:46:06,780 [INFO] assistant: [ASSISTANT] Listening for F12 keypress. Ctrl+C to quit.
2026-03-28 21:46:07,960 [INFO] assistant: [STATE] → recording
2026-03-28 21:46:07,960 [INFO] assistant: [PTT] Recording...
2026-03-28 21:46:08,229 [INFO] assistant: [PTT] Busy — ignoring keypress
2026-03-28 21:46:08,273 [INFO] assistant: [PTT] Busy — ignoring keypress
2026-03-28 21:46:08,313 [INFO] assistant: [PTT] Busy — ignoring keypress
2026-03-28 21:46:08,354 [INFO] assistant: [PTT] Busy — ignoring keypress
2026-03-28 21:46:08,393 [INFO] assistant: [PTT] Busy — ignoring keypress
2026-03-28 21:46:08,438 [INFO] assistant: [PTT] Busy — ignoring keypress
2026-03-28 21:46:08,481 [INFO] assistant: [PTT] Busy — ignoring keypress
2026-03-28 21:46:08,522 [INFO] assistant: [PTT] Busy — ignoring keypress
2026-03-28 21:46:08,561 [INFO] assistant: [PTT] Busy — ignoring keypress
2026-03-28 21:46:08,602 [INFO] assistant: [PTT] Busy — ignoring keypress
2026-03-28 21:46:08,645 [INFO] assistant: [PTT] Busy — ignoring keypress
2026-03-28 21:46:08,686 [INFO] assistant: [PTT] Busy — ignoring keypress
2026-03-28 21:46:08,726 [INFO] assistant: [PTT] Busy — ignoring keypress
2026-03-28 21:46:08,768 [INFO] assistant: [PTT] Busy — ignoring keypress
2026-03-28 21:46:08,806 [INFO] assistant: [PTT] Busy — ignoring keypress
2026-03-28 21:46:08,845 [INFO] assistant: [PTT] Busy — ignoring keypress
2026-03-28 21:46:08,889 [INFO] assistant: [PTT] Busy — ignoring keypress
2026-03-28 21:46:08,926 [INFO] assistant: [PTT] Busy — ignoring keypress
2026-03-28 21:46:08,969 [INFO] assistant: [PTT] Busy — ignoring keypress
2026-03-28 21:46:09,006 [INFO] assistant: [PTT] Busy — ignoring keypress
2026-03-28 21:46:09,050 [INFO] assistant: [PTT] Busy — ignoring keypress
2026-03-28 21:46:09,090 [INFO] assistant: [PTT] Busy — ignoring keypress
2026-03-28 21:46:09,129 [INFO] assistant: [PTT] Busy — ignoring keypress
2026-03-28 21:46:09,173 [INFO] assistant: [PTT] Busy — ignoring keypress
2026-03-28 21:46:09,213 [INFO] assistant: [PTT] Busy — ignoring keypress
2026-03-28 21:46:09,254 [INFO] assistant: [PTT] Busy — ignoring keypress
2026-03-28 21:46:09,297 [INFO] assistant: [PTT] Busy — ignoring keypress
2026-03-28 21:46:09,338 [INFO] assistant: [PTT] Busy — ignoring keypress
2026-03-28 21:46:09,377 [INFO] assistant: [PTT] Busy — ignoring keypress
2026-03-28 21:46:09,418 [INFO] assistant: [PTT] Busy — ignoring keypress
2026-03-28 21:46:09,458 [INFO] assistant: [PTT] Busy — ignoring keypress
2026-03-28 21:46:09,497 [INFO] assistant: [PTT] Busy — ignoring keypress
2026-03-28 21:46:09,538 [INFO] assistant: [PTT] Busy — ignoring keypress
2026-03-28 21:46:09,577 [INFO] assistant: [PTT] Busy — ignoring keypress
2026-03-28 21:46:09,622 [INFO] assistant: [PTT] Busy — ignoring keypress
2026-03-28 21:46:09,661 [INFO] assistant: [PTT] Busy — ignoring keypress
2026-03-28 21:46:09,702 [INFO] assistant: [PTT] Busy — ignoring keypress
2026-03-28 21:46:09,745 [INFO] assistant: [PTT] Busy — ignoring keypress
2026-03-28 21:46:09,786 [INFO] assistant: [PTT] Busy — ignoring keypress
2026-03-28 21:46:09,829 [INFO] assistant: [PTT] Busy — ignoring keypress
2026-03-28 21:46:09,870 [INFO] assistant: [PTT] Busy — ignoring keypress
2026-03-28 21:46:09,910 [INFO] assistant: [PTT] Busy — ignoring keypress
2026-03-28 21:46:09,954 [INFO] assistant: [PTT] Busy — ignoring keypress
2026-03-28 21:46:09,997 [INFO] assistant: [PTT] Busy — ignoring keypress
2026-03-28 21:46:10,038 [INFO] assistant: [PTT] Busy — ignoring keypress
2026-03-28 21:46:10,082 [INFO] assistant: [PTT] Busy — ignoring keypress
2026-03-28 21:46:10,126 [INFO] assistant: [PTT] Busy — ignoring keypress
2026-03-28 21:46:10,166 [INFO] assistant: [PTT] Busy — ignoring keypress
2026-03-28 21:46:10,209 [INFO] assistant: [PTT] Busy — ignoring keypress
2026-03-28 21:46:10,250 [INFO] assistant: [PTT] Busy — ignoring keypress
2026-03-28 21:46:10,290 [INFO] assistant: [PTT] Busy — ignoring keypress
2026-03-28 21:46:10,329 [INFO] assistant: [PTT] Busy — ignoring keypress
2026-03-28 21:46:10,370 [INFO] assistant: [PTT] Busy — ignoring keypress
2026-03-28 21:46:10,413 [INFO] assistant: [PTT] Busy — ignoring keypress
2026-03-28 21:46:10,454 [INFO] assistant: [PTT] Busy — ignoring keypress
2026-03-28 21:46:10,494 [INFO] assistant: [PTT] Busy — ignoring keypress
2026-03-28 21:46:10,538 [INFO] assistant: [PTT] Busy — ignoring keypress
2026-03-28 21:46:10,577 [INFO] assistant: [PTT] Busy — ignoring keypress
2026-03-28 21:46:10,622 [INFO] assistant: [PTT] Busy — ignoring keypress
2026-03-28 21:46:10,666 [INFO] assistant: [PTT] Busy — ignoring keypress
2026-03-28 21:46:10,710 [INFO] assistant: [PTT] Busy — ignoring keypress
2026-03-28 21:46:10,751 [INFO] assistant: [PTT] Busy — ignoring keypress
2026-03-28 21:46:10,790 [INFO] assistant: [PTT] Busy — ignoring keypress
2026-03-28 21:46:10,836 [INFO] assistant: [PTT] Busy — ignoring keypress
2026-03-28 21:46:10,877 [INFO] assistant: [PTT] Busy — ignoring keypress
2026-03-28 21:46:10,922 [INFO] assistant: [PTT] Busy — ignoring keypress
2026-03-28 21:46:10,969 [INFO] assistant: [PTT] Busy — ignoring keypress
2026-03-28 21:46:11,006 [INFO] assistant: [PTT] Busy — ignoring keypress
2026-03-28 21:46:11,045 [INFO] assistant: [PTT] Busy — ignoring keypress
2026-03-28 21:46:11,086 [INFO] assistant: [PTT] Busy — ignoring keypress
2026-03-28 21:46:11,126 [INFO] assistant: [PTT] Busy — ignoring keypress
2026-03-28 21:46:11,166 [INFO] assistant: [PTT] Busy — ignoring keypress
2026-03-28 21:46:11,205 [INFO] assistant: [PTT] Busy — ignoring keypress
2026-03-28 21:46:11,246 [INFO] assistant: [PTT] Busy — ignoring keypress
2026-03-28 21:46:11,286 [INFO] assistant: [PTT] Busy — ignoring keypress
2026-03-28 21:46:11,326 [INFO] assistant: [PTT] Busy — ignoring keypress
2026-03-28 21:46:11,366 [INFO] assistant: [PTT] Busy — ignoring keypress
2026-03-28 21:46:11,406 [INFO] assistant: [PTT] Busy — ignoring keypress
2026-03-28 21:46:11,445 [INFO] assistant: [PTT] Busy — ignoring keypress
2026-03-28 21:46:11,486 [INFO] assistant: [PTT] Busy — ignoring keypress
2026-03-28 21:46:11,526 [INFO] assistant: [PTT] Busy — ignoring keypress
2026-03-28 21:46:11,570 [INFO] assistant: [PTT] Busy — ignoring keypress
2026-03-28 21:46:11,610 [INFO] assistant: [PTT] Busy — ignoring keypress
2026-03-28 21:46:11,654 [INFO] assistant: [PTT] Busy — ignoring keypress
2026-03-28 21:46:11,694 [INFO] assistant: [PTT] Busy — ignoring keypress
2026-03-28 21:46:11,738 [INFO] assistant: [PTT] Busy — ignoring keypress
2026-03-28 21:46:11,777 [INFO] assistant: [PTT] Busy — ignoring keypress
2026-03-28 21:46:11,828 [INFO] assistant: [PTT] Recorded 3.9s
2026-03-28 21:46:11,829 [INFO] assistant: [STATE] → processing
2026-03-28 21:46:11,829 [INFO] tts: [TTS] Speaking: 'Processing...'
2026-03-28 21:46:16,200 [ERROR] assistant: [PTT] Pipeline error: name 'wav_path' is not defined
2026-03-28 21:46:16,201 [INFO] tts: [TTS] Speaking: 'Sorry, something went wrong.'
2026-03-28 21:46:21,831 [INFO] assistant: [STATE] → idle
2026-03-28 21:46:21,831 [INFO] assistant: [PTT] Ready — press F12 to speak.
2026-03-28 21:47:02,653 [INFO] assistant: [ASSISTANT] Shutting down...
2026-03-28 21:47:02,654 [INFO] tts: [TTS] Speaking: 'Goodbye.'
2026-03-28 21:49:04,910 [INFO] assistant: ==================================================
2026-03-28 21:49:04,910 [INFO] assistant:   CannaKit Voice Assistant — Push-to-Talk
2026-03-28 21:49:04,910 [INFO] assistant: ==================================================
2026-03-28 21:49:04,910 [INFO] assistant: [ASSISTANT] Loading Whisper model...
2026-03-28 21:49:07,029 [INFO] stt: [STT] Loading Whisper model: base.en
2026-03-28 21:49:08,321 [INFO] stt: [STT] Whisper model loaded.
2026-03-28 21:49:08,321 [INFO] assistant: [ASSISTANT] Whisper ready.
2026-03-28 21:49:08,321 [INFO] tts: [TTS] Speaking: 'CannaKit ready. Hold F12 and speak your command.'
2026-03-28 21:49:15,190 [INFO] assistant: [ASSISTANT] Listening for F12 keypress. Ctrl+C to quit.
2026-03-28 21:49:17,203 [INFO] assistant: [STATE] → recording
2026-03-28 21:49:17,203 [INFO] assistant: [PTT] Recording...
2026-03-28 21:49:17,478 [INFO] assistant: [PTT] Busy — ignoring keypress
2026-03-28 21:49:17,518 [INFO] assistant: [PTT] Busy — ignoring keypress
2026-03-28 21:49:17,558 [INFO] assistant: [PTT] Busy — ignoring keypress
2026-03-28 21:49:17,602 [INFO] assistant: [PTT] Busy — ignoring keypress
2026-03-28 21:49:17,642 [INFO] assistant: [PTT] Busy — ignoring keypress
2026-03-28 21:49:17,681 [INFO] assistant: [PTT] Busy — ignoring keypress
2026-03-28 21:49:17,722 [INFO] assistant: [PTT] Busy — ignoring keypress
2026-03-28 21:49:17,762 [INFO] assistant: [PTT] Busy — ignoring keypress
2026-03-28 21:49:17,806 [INFO] assistant: [PTT] Busy — ignoring keypress
2026-03-28 21:49:17,845 [INFO] assistant: [PTT] Busy — ignoring keypress
2026-03-28 21:49:17,886 [INFO] assistant: [PTT] Busy — ignoring keypress
2026-03-28 21:49:17,926 [INFO] assistant: [PTT] Busy — ignoring keypress
2026-03-28 21:49:17,970 [INFO] assistant: [PTT] Busy — ignoring keypress
2026-03-28 21:49:18,013 [INFO] assistant: [PTT] Busy — ignoring keypress
2026-03-28 21:49:18,055 [INFO] assistant: [PTT] Busy — ignoring keypress
2026-03-28 21:49:18,093 [INFO] assistant: [PTT] Busy — ignoring keypress
2026-03-28 21:49:18,133 [INFO] assistant: [PTT] Busy — ignoring keypress
2026-03-28 21:49:18,173 [INFO] assistant: [PTT] Busy — ignoring keypress
2026-03-28 21:49:18,213 [INFO] assistant: [PTT] Busy — ignoring keypress
2026-03-28 21:49:18,253 [INFO] assistant: [PTT] Busy — ignoring keypress
2026-03-28 21:49:18,293 [INFO] assistant: [PTT] Busy — ignoring keypress
2026-03-28 21:49:18,334 [INFO] assistant: [PTT] Busy — ignoring keypress
2026-03-28 21:49:18,374 [INFO] assistant: [PTT] Busy — ignoring keypress
2026-03-28 21:49:18,413 [INFO] assistant: [PTT] Busy — ignoring keypress
2026-03-28 21:49:18,454 [INFO] assistant: [PTT] Busy — ignoring keypress
2026-03-28 21:49:18,494 [INFO] assistant: [PTT] Busy — ignoring keypress
2026-03-28 21:49:18,536 [INFO] assistant: [PTT] Busy — ignoring keypress
2026-03-28 21:49:18,574 [INFO] assistant: [PTT] Busy — ignoring keypress
2026-03-28 21:49:18,613 [INFO] assistant: [PTT] Busy — ignoring keypress
2026-03-28 21:49:18,654 [INFO] assistant: [PTT] Busy — ignoring keypress
2026-03-28 21:49:18,697 [INFO] assistant: [PTT] Busy — ignoring keypress
2026-03-28 21:49:18,738 [INFO] assistant: [PTT] Busy — ignoring keypress
2026-03-28 21:49:18,778 [INFO] assistant: [PTT] Busy — ignoring keypress
2026-03-28 21:49:18,819 [INFO] assistant: [PTT] Busy — ignoring keypress
2026-03-28 21:49:18,858 [INFO] assistant: [PTT] Busy — ignoring keypress
2026-03-28 21:49:18,897 [INFO] assistant: [PTT] Busy — ignoring keypress
2026-03-28 21:49:18,938 [INFO] assistant: [PTT] Busy — ignoring keypress
2026-03-28 21:49:18,978 [INFO] assistant: [PTT] Busy — ignoring keypress
2026-03-28 21:49:19,019 [INFO] assistant: [PTT] Busy — ignoring keypress
2026-03-28 21:49:19,058 [INFO] assistant: [PTT] Busy — ignoring keypress
2026-03-28 21:49:19,097 [INFO] assistant: [PTT] Busy — ignoring keypress
2026-03-28 21:49:19,138 [INFO] assistant: [PTT] Busy — ignoring keypress
2026-03-28 21:49:19,182 [INFO] assistant: [PTT] Busy — ignoring keypress
2026-03-28 21:49:19,222 [INFO] assistant: [PTT] Busy — ignoring keypress
2026-03-28 21:49:19,265 [INFO] assistant: [PTT] Busy — ignoring keypress
2026-03-28 21:49:19,307 [INFO] assistant: [PTT] Busy — ignoring keypress
2026-03-28 21:49:19,349 [INFO] assistant: [PTT] Busy — ignoring keypress
2026-03-28 21:49:19,390 [INFO] assistant: [PTT] Busy — ignoring keypress
2026-03-28 21:49:19,429 [INFO] assistant: [PTT] Busy — ignoring keypress
2026-03-28 21:49:19,470 [INFO] assistant: [PTT] Busy — ignoring keypress
2026-03-28 21:49:19,510 [INFO] assistant: [PTT] Busy — ignoring keypress
2026-03-28 21:49:19,549 [INFO] assistant: [PTT] Busy — ignoring keypress
2026-03-28 21:49:19,590 [INFO] assistant: [PTT] Busy — ignoring keypress
2026-03-28 21:49:19,629 [INFO] assistant: [PTT] Busy — ignoring keypress
2026-03-28 21:49:19,670 [INFO] assistant: [PTT] Busy — ignoring keypress
2026-03-28 21:49:19,715 [INFO] assistant: [PTT] Recorded 2.5s
2026-03-28 21:49:19,715 [INFO] assistant: [STATE] → processing
2026-03-28 21:49:19,716 [INFO] tts: [TTS] Speaking: 'Processing...'
2026-03-28 21:49:23,930 [INFO] stt: [STT] Transcribing...
2026-03-28 21:49:24,109 [ERROR] stt: [STT] Error: Failed to load audio: ffmpeg version 7.1.3-0+deb13u1+rpt1 Copyright (c) 2000-2025 the FFmpeg developers
  built with gcc 14 (Debian 14.2.0-19)
  configuration: --prefix=/usr --extra-version=0+deb13u1+rpt1 --toolchain=hardened --incdir=/usr/include/aarch64-linux-gnu --enable-gpl --disable-stripping --disable-libmfx --disable-mmal --disable-omx --enable-gnutls --enable-libaom --enable-libass --enable-libbs2b --enable-libcdio --enable-libcodec2 --enable-libdav1d --enable-libflite --enable-libfontconfig --enable-libfreetype --enable-libfribidi --enable-libglslang --enable-libgme --enable-libgsm --enable-libharfbuzz --enable-libmp3lame --enable-libmysofa --enable-libopenjpeg --enable-libopenmpt --enable-libopus --enable-librubberband --enable-libshine --enable-libsnappy --enable-libsoxr --enable-libspeex --enable-libtheora --enable-libtwolame --enable-libvidstab --enable-libvorbis --enable-libvpx --enable-libwebp --enable-libx265 --enable-libxml2 --enable-libxvid --enable-libzimg --enable-openal --enable-opencl --enable-opengl --disable-sndio --disable-libvpl --libdir=/usr/lib/aarch64-linux-gnu --arch=arm64 --enable-neon --enable-v4l2-request --enable-libudev --enable-epoxy --enable-libdc1394 --enable-libdrm --enable-libiec61883 --enable-vout-drm --enable-chromaprint --enable-frei0r --enable-ladspa --enable-libbluray --enable-libcaca --enable-libdvdnav --enable-libdvdread --enable-libjack --enable-libpulse --enable-librabbitmq --enable-librist --enable-libsrt --enable-libssh --enable-libsvtav1 --enable-libx264 --enable-libzmq --enable-libzvbi --enable-lv2 --enable-sand --enable-sdl2 --enable-libplacebo --enable-librav1e --enable-pocketsphinx --enable-librsvg --enable-libjxl --enable-shared
  libavutil      59. 39.100 / 59. 39.100
  libavcodec     61. 19.101 / 61. 19.101
  libavformat    61.  7.100 / 61.  7.100
  libavdevice    61.  3.100 / 61.  3.100
  libavfilter    10.  4.100 / 10.  4.100
  libswscale      8.  3.100 /  8.  3.100
  libswresample   5.  3.100 /  5.  3.100
  libpostproc    58.  3.100 / 58.  3.100
[in#0 @ 0x55558ae85510] Error opening input: Invalid data found when processing input
Error opening input file /tmp/tmpqj4s7l7n.wav.
Error opening input files: Invalid data found when processing input

2026-03-28 21:49:24,109 [INFO] tts: [TTS] Speaking: "I didn't catch that. Please try again."
2026-03-28 21:49:30,543 [INFO] assistant: [STATE] → idle
2026-03-28 21:49:30,543 [INFO] assistant: [PTT] Ready — press F12 to speak.
2026-03-28 21:49:50,876 [INFO] assistant: [ASSISTANT] Shutting down...
2026-03-28 21:49:50,877 [INFO] tts: [TTS] Speaking: 'Goodbye.'
2026-03-28 21:50:31,065 [INFO] assistant: ==================================================
2026-03-28 21:50:31,065 [INFO] assistant:   CannaKit Voice Assistant — Push-to-Talk
2026-03-28 21:50:31,065 [INFO] assistant: ==================================================
2026-03-28 21:50:31,065 [INFO] assistant: [ASSISTANT] Loading Whisper model...
2026-03-28 21:50:33,146 [INFO] stt: [STT] Loading Whisper model: base.en
2026-03-28 21:50:34,542 [INFO] stt: [STT] Whisper model loaded.
2026-03-28 21:50:34,543 [INFO] assistant: [ASSISTANT] Whisper ready.
2026-03-28 21:50:34,543 [INFO] tts: [TTS] Speaking: 'CannaKit ready. Hold F12 and speak your command.'
2026-03-28 21:50:41,413 [INFO] assistant: [ASSISTANT] Listening for F12 keypress. Ctrl+C to quit.
2026-03-28 21:50:43,384 [INFO] assistant: [STATE] → recording
2026-03-28 21:50:43,384 [INFO] assistant: [PTT] Recording...
2026-03-28 21:50:43,654 [INFO] assistant: [PTT] Busy — ignoring keypress
2026-03-28 21:50:43,697 [INFO] assistant: [PTT] Busy — ignoring keypress
2026-03-28 21:50:43,742 [INFO] assistant: [PTT] Busy — ignoring keypress
2026-03-28 21:50:43,787 [INFO] assistant: [PTT] Busy — ignoring keypress
2026-03-28 21:50:43,826 [INFO] assistant: [PTT] Busy — ignoring keypress
2026-03-28 21:50:43,870 [INFO] assistant: [PTT] Busy — ignoring keypress
2026-03-28 21:50:43,910 [INFO] assistant: [PTT] Busy — ignoring keypress
2026-03-28 21:50:43,949 [INFO] assistant: [PTT] Busy — ignoring keypress
2026-03-28 21:50:43,990 [INFO] assistant: [PTT] Busy — ignoring keypress
2026-03-28 21:50:44,029 [INFO] assistant: [PTT] Busy — ignoring keypress
2026-03-28 21:50:44,070 [INFO] assistant: [PTT] Busy — ignoring keypress
2026-03-28 21:50:44,113 [INFO] assistant: [PTT] Busy — ignoring keypress
2026-03-28 21:50:44,153 [INFO] assistant: [PTT] Busy — ignoring keypress
2026-03-28 21:50:44,197 [INFO] assistant: [PTT] Busy — ignoring keypress
2026-03-28 21:50:44,237 [INFO] assistant: [PTT] Busy — ignoring keypress
2026-03-28 21:50:44,278 [INFO] assistant: [PTT] Busy — ignoring keypress
2026-03-28 21:50:44,318 [INFO] assistant: [PTT] Busy — ignoring keypress
2026-03-28 21:50:44,358 [INFO] assistant: [PTT] Busy — ignoring keypress
2026-03-28 21:50:44,397 [INFO] assistant: [PTT] Busy — ignoring keypress
2026-03-28 21:50:44,438 [INFO] assistant: [PTT] Busy — ignoring keypress
2026-03-28 21:50:44,481 [INFO] assistant: [PTT] Busy — ignoring keypress
2026-03-28 21:50:44,523 [INFO] assistant: [PTT] Busy — ignoring keypress
2026-03-28 21:50:44,562 [INFO] assistant: [PTT] Busy — ignoring keypress
2026-03-28 21:50:44,606 [INFO] assistant: [PTT] Busy — ignoring keypress
2026-03-28 21:50:44,649 [INFO] assistant: [PTT] Busy — ignoring keypress
2026-03-28 21:50:44,690 [INFO] assistant: [PTT] Busy — ignoring keypress
2026-03-28 21:50:44,733 [INFO] assistant: [PTT] Busy — ignoring keypress
2026-03-28 21:50:44,774 [INFO] assistant: [PTT] Busy — ignoring keypress
2026-03-28 21:50:44,813 [INFO] assistant: [PTT] Busy — ignoring keypress
2026-03-28 21:50:44,854 [INFO] assistant: [PTT] Busy — ignoring keypress
2026-03-28 21:50:44,894 [INFO] assistant: [PTT] Busy — ignoring keypress
2026-03-28 21:50:44,933 [INFO] assistant: [PTT] Busy — ignoring keypress
2026-03-28 21:50:44,974 [INFO] assistant: [PTT] Busy — ignoring keypress
2026-03-28 21:50:45,013 [INFO] assistant: [PTT] Busy — ignoring keypress
2026-03-28 21:50:45,054 [INFO] assistant: [PTT] Busy — ignoring keypress
2026-03-28 21:50:45,093 [INFO] assistant: [PTT] Busy — ignoring keypress
2026-03-28 21:50:45,133 [INFO] assistant: [PTT] Busy — ignoring keypress
2026-03-28 21:50:45,173 [INFO] assistant: [PTT] Busy — ignoring keypress
2026-03-28 21:50:45,213 [INFO] assistant: [PTT] Busy — ignoring keypress
2026-03-28 21:50:45,254 [INFO] assistant: [PTT] Busy — ignoring keypress
2026-03-28 21:50:45,293 [INFO] assistant: [PTT] Busy — ignoring keypress
2026-03-28 21:50:45,333 [INFO] assistant: [PTT] Busy — ignoring keypress
2026-03-28 21:50:45,374 [INFO] assistant: [PTT] Busy — ignoring keypress
2026-03-28 21:50:45,413 [INFO] assistant: [PTT] Busy — ignoring keypress
2026-03-28 21:50:45,454 [INFO] assistant: [PTT] Busy — ignoring keypress
2026-03-28 21:50:45,494 [INFO] assistant: [PTT] Busy — ignoring keypress
2026-03-28 21:50:45,533 [INFO] assistant: [PTT] Busy — ignoring keypress
2026-03-28 21:50:45,574 [INFO] assistant: [PTT] Busy — ignoring keypress
2026-03-28 21:50:45,618 [INFO] assistant: [PTT] Busy — ignoring keypress
2026-03-28 21:50:45,658 [INFO] assistant: [PTT] Busy — ignoring keypress
2026-03-28 21:50:45,703 [INFO] assistant: [PTT] Busy — ignoring keypress
2026-03-28 21:50:46,049 [INFO] assistant: [PTT] Recorded 2.7s
2026-03-28 21:50:46,049 [INFO] assistant: [STATE] → processing
2026-03-28 21:50:46,049 [INFO] tts: [TTS] Speaking: 'Processing...'
2026-03-28 21:50:50,178 [INFO] stt: [STT] Transcribing...
2026-03-28 21:50:50,297 [ERROR] stt: [STT] Error: Failed to load audio: ffmpeg version 7.1.3-0+deb13u1+rpt1 Copyright (c) 2000-2025 the FFmpeg developers
  built with gcc 14 (Debian 14.2.0-19)
  configuration: --prefix=/usr --extra-version=0+deb13u1+rpt1 --toolchain=hardened --incdir=/usr/include/aarch64-linux-gnu --enable-gpl --disable-stripping --disable-libmfx --disable-mmal --disable-omx --enable-gnutls --enable-libaom --enable-libass --enable-libbs2b --enable-libcdio --enable-libcodec2 --enable-libdav1d --enable-libflite --enable-libfontconfig --enable-libfreetype --enable-libfribidi --enable-libglslang --enable-libgme --enable-libgsm --enable-libharfbuzz --enable-libmp3lame --enable-libmysofa --enable-libopenjpeg --enable-libopenmpt --enable-libopus --enable-librubberband --enable-libshine --enable-libsnappy --enable-libsoxr --enable-libspeex --enable-libtheora --enable-libtwolame --enable-libvidstab --enable-libvorbis --enable-libvpx --enable-libwebp --enable-libx265 --enable-libxml2 --enable-libxvid --enable-libzimg --enable-openal --enable-opencl --enable-opengl --disable-sndio --disable-libvpl --libdir=/usr/lib/aarch64-linux-gnu --arch=arm64 --enable-neon --enable-v4l2-request --enable-libudev --enable-epoxy --enable-libdc1394 --enable-libdrm --enable-libiec61883 --enable-vout-drm --enable-chromaprint --enable-frei0r --enable-ladspa --enable-libbluray --enable-libcaca --enable-libdvdnav --enable-libdvdread --enable-libjack --enable-libpulse --enable-librabbitmq --enable-librist --enable-libsrt --enable-libssh --enable-libsvtav1 --enable-libx264 --enable-libzmq --enable-libzvbi --enable-lv2 --enable-sand --enable-sdl2 --enable-libplacebo --enable-librav1e --enable-pocketsphinx --enable-librsvg --enable-libjxl --enable-shared
  libavutil      59. 39.100 / 59. 39.100
  libavcodec     61. 19.101 / 61. 19.101
  libavformat    61.  7.100 / 61.  7.100
  libavdevice    61.  3.100 / 61.  3.100
  libavfilter    10.  4.100 / 10.  4.100
  libswscale      8.  3.100 /  8.  3.100
  libswresample   5.  3.100 /  5.  3.100
  libpostproc    58.  3.100 / 58.  3.100
[in#0 @ 0x55564f0c5510] Error opening input: Invalid data found when processing input
Error opening input file /tmp/tmp_etttobz.wav.
Error opening input files: Invalid data found when processing input

2026-03-28 21:50:50,299 [INFO] tts: [TTS] Speaking: "I didn't catch that. Please try again."
2026-03-28 21:50:56,532 [INFO] assistant: [STATE] → idle
2026-03-28 21:50:56,532 [INFO] assistant: [PTT] Ready — press F12 to speak.
2026-03-28 21:51:00,897 [INFO] assistant: [ASSISTANT] Shutting down...
2026-03-28 21:51:00,897 [INFO] tts: [TTS] Speaking: 'Goodbye.'
2026-03-28 21:53:54,088 [INFO] assistant: ==================================================
2026-03-28 21:53:54,088 [INFO] assistant:   CannaKit Voice Assistant — Push-to-Talk
2026-03-28 21:53:54,088 [INFO] assistant: ==================================================
2026-03-28 21:53:54,088 [INFO] assistant: [ASSISTANT] Loading Whisper model...
2026-03-28 21:53:56,196 [INFO] stt: [STT] Loading Whisper model: base.en
2026-03-28 21:53:57,597 [INFO] stt: [STT] Whisper model loaded.
2026-03-28 21:53:57,600 [INFO] assistant: [ASSISTANT] Whisper ready.
2026-03-28 21:53:57,601 [INFO] tts: [TTS] Speaking: 'CannaKit ready. Hold F12 and speak your command.'
2026-03-28 21:54:04,411 [INFO] assistant: [ASSISTANT] Listening for F12 keypress. Ctrl+C to quit.
2026-03-28 21:54:05,996 [INFO] assistant: [STATE] → recording
2026-03-28 21:54:05,997 [INFO] assistant: [PTT] Recording...
2026-03-28 21:54:06,277 [INFO] assistant: [PTT] Busy — ignoring keypress
2026-03-28 21:54:06,321 [INFO] assistant: [PTT] Busy — ignoring keypress
2026-03-28 21:54:06,362 [INFO] assistant: [PTT] Busy — ignoring keypress
2026-03-28 21:54:06,406 [INFO] assistant: [PTT] Busy — ignoring keypress
2026-03-28 21:54:06,446 [INFO] assistant: [PTT] Busy — ignoring keypress
2026-03-28 21:54:06,490 [INFO] assistant: [PTT] Busy — ignoring keypress
2026-03-28 21:54:06,530 [INFO] assistant: [PTT] Busy — ignoring keypress
2026-03-28 21:54:06,570 [INFO] assistant: [PTT] Busy — ignoring keypress
2026-03-28 21:54:06,610 [INFO] assistant: [PTT] Busy — ignoring keypress
2026-03-28 21:54:06,649 [INFO] assistant: [PTT] Busy — ignoring keypress
2026-03-28 21:54:06,690 [INFO] assistant: [PTT] Busy — ignoring keypress
2026-03-28 21:54:06,733 [INFO] assistant: [PTT] Busy — ignoring keypress
2026-03-28 21:54:06,774 [INFO] assistant: [PTT] Busy — ignoring keypress
2026-03-28 21:54:06,814 [INFO] assistant: [PTT] Busy — ignoring keypress
2026-03-28 21:54:06,855 [INFO] assistant: [PTT] Busy — ignoring keypress
2026-03-28 21:54:06,894 [INFO] assistant: [PTT] Busy — ignoring keypress
2026-03-28 21:54:06,933 [INFO] assistant: [PTT] Busy — ignoring keypress
2026-03-28 21:54:06,974 [INFO] assistant: [PTT] Busy — ignoring keypress
2026-03-28 21:54:07,015 [INFO] assistant: [PTT] Busy — ignoring keypress
2026-03-28 21:54:07,054 [INFO] assistant: [PTT] Busy — ignoring keypress
2026-03-28 21:54:07,094 [INFO] assistant: [PTT] Busy — ignoring keypress
2026-03-28 21:54:07,133 [INFO] assistant: [PTT] Busy — ignoring keypress
2026-03-28 21:54:07,173 [INFO] assistant: [PTT] Busy — ignoring keypress
2026-03-28 21:54:07,213 [INFO] assistant: [PTT] Busy — ignoring keypress
2026-03-28 21:54:07,253 [INFO] assistant: [PTT] Busy — ignoring keypress
2026-03-28 21:54:07,293 [INFO] assistant: [PTT] Busy — ignoring keypress
2026-03-28 21:54:07,333 [INFO] assistant: [PTT] Busy — ignoring keypress
2026-03-28 21:54:07,374 [INFO] assistant: [PTT] Busy — ignoring keypress
2026-03-28 21:54:07,417 [INFO] assistant: [PTT] Busy — ignoring keypress
2026-03-28 21:54:07,462 [INFO] assistant: [PTT] Busy — ignoring keypress
2026-03-28 21:54:07,506 [INFO] assistant: [PTT] Busy — ignoring keypress
2026-03-28 21:54:07,549 [INFO] assistant: [PTT] Busy — ignoring keypress
2026-03-28 21:54:07,594 [INFO] assistant: [PTT] Busy — ignoring keypress
2026-03-28 21:54:07,633 [INFO] assistant: [PTT] Busy — ignoring keypress
2026-03-28 21:54:07,678 [INFO] assistant: [PTT] Busy — ignoring keypress
2026-03-28 21:54:07,722 [INFO] assistant: [PTT] Busy — ignoring keypress
2026-03-28 21:54:07,762 [INFO] assistant: [PTT] Busy — ignoring keypress
2026-03-28 21:54:07,801 [INFO] assistant: [PTT] Busy — ignoring keypress
2026-03-28 21:54:07,842 [INFO] assistant: [PTT] Busy — ignoring keypress
2026-03-28 21:54:07,885 [INFO] assistant: [PTT] Busy — ignoring keypress
2026-03-28 21:54:07,926 [INFO] assistant: [PTT] Busy — ignoring keypress
2026-03-28 21:54:07,965 [INFO] assistant: [PTT] Busy — ignoring keypress
2026-03-28 21:54:08,010 [INFO] assistant: [PTT] Busy — ignoring keypress
2026-03-28 21:54:08,049 [INFO] assistant: [PTT] Busy — ignoring keypress
2026-03-28 21:54:08,411 [INFO] assistant: [PTT] Recorded 2.4s
2026-03-28 21:54:08,412 [INFO] assistant: [STATE] → processing
2026-03-28 21:54:08,412 [INFO] tts: [TTS] Speaking: 'Processing...'
2026-03-28 21:54:12,694 [INFO] stt: [STT] Transcribing...
2026-03-28 21:54:17,255 [INFO] stt: [STT] Transcribed: 'What time is it?'
2026-03-28 21:54:17,255 [INFO] assistant: [PTT] Command: 'What time is it?'
2026-03-28 21:54:17,256 [INFO] intent: [INTENT] Matched 'what time' → handle_time
2026-03-28 21:54:17,256 [INFO] assistant: [PTT] Response: "It's 09:54 PM on Saturday, March 28."
2026-03-28 21:54:17,256 [INFO] assistant: [STATE] → speaking
2026-03-28 21:54:17,256 [INFO] tts: [TTS] Speaking: "It's 09:54 PM on Saturday, March 28."
2026-03-28 21:54:24,874 [INFO] assistant: [STATE] → idle
2026-03-28 21:54:24,874 [INFO] assistant: [PTT] Ready — press F12 to speak.
2026-03-28 21:56:47,269 [INFO] assistant: [ASSISTANT] Shutting down...
2026-03-28 21:56:47,269 [INFO] tts: [TTS] Speaking: 'Goodbye.'
2026-03-28 21:57:31,689 [INFO] assistant: ==================================================
2026-03-28 21:57:31,690 [INFO] assistant:   CannaKit Voice Assistant — Push-to-Talk
2026-03-28 21:57:31,690 [INFO] assistant: ==================================================
2026-03-28 21:57:31,690 [INFO] assistant: [ASSISTANT] Loading Whisper model...
2026-03-28 21:57:33,939 [INFO] stt: [STT] Loading Whisper model: base.en
2026-03-28 21:57:35,285 [INFO] stt: [STT] Whisper model loaded.
2026-03-28 21:57:35,286 [INFO] assistant: [ASSISTANT] Whisper ready.
2026-03-28 21:57:35,286 [INFO] tts: [TTS] Speaking: 'CannaKit ready. Hold F12 and speak your command.'
2026-03-28 21:57:42,313 [INFO] assistant: [ASSISTANT] Listening for F12 keypress. Ctrl+C to quit.
2026-03-28 21:58:00,025 [INFO] assistant: [STATE] → recording
2026-03-28 21:58:00,026 [INFO] assistant: [PTT] Recording...
2026-03-28 21:58:00,297 [INFO] assistant: [PTT] Busy — ignoring keypress
2026-03-28 21:58:00,337 [INFO] assistant: [PTT] Busy — ignoring keypress
2026-03-28 21:58:00,378 [INFO] assistant: [PTT] Busy — ignoring keypress
2026-03-28 21:58:00,418 [INFO] assistant: [PTT] Busy — ignoring keypress
2026-03-28 21:58:00,458 [INFO] assistant: [PTT] Busy — ignoring keypress
2026-03-28 21:58:00,498 [INFO] assistant: [PTT] Busy — ignoring keypress
2026-03-28 21:58:00,539 [INFO] assistant: [PTT] Busy — ignoring keypress
2026-03-28 21:58:00,578 [INFO] assistant: [PTT] Busy — ignoring keypress
2026-03-28 21:58:00,618 [INFO] assistant: [PTT] Busy — ignoring keypress
2026-03-28 21:58:00,658 [INFO] assistant: [PTT] Busy — ignoring keypress
2026-03-28 21:58:00,698 [INFO] assistant: [PTT] Busy — ignoring keypress
2026-03-28 21:58:00,737 [INFO] assistant: [PTT] Busy — ignoring keypress
2026-03-28 21:58:00,777 [INFO] assistant: [PTT] Busy — ignoring keypress
2026-03-28 21:58:00,817 [INFO] assistant: [PTT] Busy — ignoring keypress
2026-03-28 21:58:00,858 [INFO] assistant: [PTT] Busy — ignoring keypress
2026-03-28 21:58:00,898 [INFO] assistant: [PTT] Busy — ignoring keypress
2026-03-28 21:58:00,938 [INFO] assistant: [PTT] Busy — ignoring keypress
2026-03-28 21:58:00,978 [INFO] assistant: [PTT] Busy — ignoring keypress
2026-03-28 21:58:01,019 [INFO] assistant: [PTT] Busy — ignoring keypress
2026-03-28 21:58:01,058 [INFO] assistant: [PTT] Busy — ignoring keypress
2026-03-28 21:58:01,097 [INFO] assistant: [PTT] Busy — ignoring keypress
2026-03-28 21:58:01,137 [INFO] assistant: [PTT] Busy — ignoring keypress
2026-03-28 21:58:01,178 [INFO] assistant: [PTT] Busy — ignoring keypress
2026-03-28 21:58:01,217 [INFO] assistant: [PTT] Busy — ignoring keypress
2026-03-28 21:58:01,258 [INFO] assistant: [PTT] Busy — ignoring keypress
2026-03-28 21:58:01,301 [INFO] assistant: [PTT] Busy — ignoring keypress
2026-03-28 21:58:01,337 [INFO] assistant: [PTT] Busy — ignoring keypress
2026-03-28 21:58:01,378 [INFO] assistant: [PTT] Busy — ignoring keypress
2026-03-28 21:58:01,417 [INFO] assistant: [PTT] Busy — ignoring keypress
2026-03-28 21:58:01,458 [INFO] assistant: [PTT] Busy — ignoring keypress
2026-03-28 21:58:01,498 [INFO] assistant: [PTT] Busy — ignoring keypress
2026-03-28 21:58:01,537 [INFO] assistant: [PTT] Busy — ignoring keypress
2026-03-28 21:58:01,578 [INFO] assistant: [PTT] Busy — ignoring keypress
2026-03-28 21:58:01,617 [INFO] assistant: [PTT] Busy — ignoring keypress
2026-03-28 21:58:01,939 [INFO] assistant: [PTT] Recorded 1.9s
2026-03-28 21:58:01,939 [INFO] assistant: [STATE] → processing
2026-03-28 21:58:01,939 [INFO] tts: [TTS] Speaking: 'Processing...'
2026-03-28 21:58:07,511 [INFO] stt: [STT] Transcribing...
2026-03-28 21:58:14,466 [INFO] stt: [STT] Transcribed: 'Are you ready to record?'
2026-03-28 21:58:14,466 [INFO] assistant: [PTT] Command: 'Are you ready to record?'
2026-03-28 21:58:14,466 [INFO] assistant: [PTT] Response: "I heard you say: Are you ready to record?. I'm not sure how to help with that yet."
2026-03-28 21:58:14,466 [INFO] assistant: [STATE] → speaking
2026-03-28 21:58:14,466 [INFO] tts: [TTS] Speaking: "I heard you say: Are you ready to record?. I'm not sure how to help with that yet."
2026-03-28 21:58:25,296 [INFO] assistant: [STATE] → idle
2026-03-28 21:58:25,296 [INFO] assistant: [PTT] Ready — press F12 to speak.
2026-03-28 21:59:34,307 [INFO] assistant: ==================================================
2026-03-28 21:59:34,322 [INFO] assistant:   CannaKit Voice Assistant — Push-to-Talk
2026-03-28 21:59:34,322 [INFO] assistant: ==================================================
2026-03-28 21:59:34,322 [INFO] assistant: [ASSISTANT] Loading Whisper model...
2026-03-28 21:59:50,774 [INFO] stt: [STT] Loading Whisper model: base.en
2026-03-28 21:59:54,146 [INFO] stt: [STT] Whisper model loaded.
2026-03-28 21:59:54,148 [INFO] assistant: [ASSISTANT] Whisper ready.
2026-03-28 21:59:54,148 [INFO] tts: [TTS] Speaking: 'CannaKit ready. Hold F12 and speak your command.'
2026-03-28 22:00:02,917 [INFO] assistant: [ASSISTANT] Listening for F12 keypress. Ctrl+C to quit.
2026-03-28 22:33:35,527 [INFO] assistant: ==================================================
2026-03-28 22:33:35,528 [INFO] assistant:   CannaKit Voice Assistant — Push-to-Talk
2026-03-28 22:33:35,529 [INFO] assistant: ==================================================
2026-03-28 22:33:35,530 [INFO] assistant: [ASSISTANT] Loading Whisper model...
2026-03-28 22:33:41,880 [INFO] stt: [STT] Loading Whisper model: base.en
2026-03-28 22:33:44,530 [INFO] stt: [STT] Whisper model loaded.
2026-03-28 22:33:44,531 [INFO] assistant: [ASSISTANT] Whisper ready.
2026-03-28 22:33:44,531 [INFO] tts: [TTS] Speaking: 'CannaKit ready. Hold F12 and speak your command.'
2026-03-28 22:33:53,751 [INFO] assistant: [ASSISTANT] Listening for F12 keypress. Ctrl+C to quit.
2026-03-28 22:37:20,915 [INFO] assistant: ==================================================
2026-03-28 22:37:20,917 [INFO] assistant:   CannaKit Voice Assistant — Push-to-Talk
2026-03-28 22:37:20,917 [INFO] assistant: ==================================================
2026-03-28 22:37:20,917 [INFO] assistant: [ASSISTANT] Loading Whisper model...
2026-03-28 22:37:25,588 [INFO] stt: [STT] Loading Whisper model: base.en
2026-03-28 22:37:27,658 [INFO] stt: [STT] Whisper model loaded.
2026-03-28 22:37:27,659 [INFO] assistant: [ASSISTANT] Whisper ready.
2026-03-28 22:37:27,659 [INFO] tts: [TTS] Speaking: 'CannaKit ready. Hold F12 and speak your command.'
2026-03-28 22:37:37,182 [INFO] assistant: [ASSISTANT] Listening for F12 keypress. Ctrl+C to quit.
2026-03-29 00:43:24,365 [INFO] assistant: ==================================================
2026-03-29 00:43:24,366 [INFO] assistant:   CannaKit Voice Assistant — Push-to-Talk
2026-03-29 00:43:24,366 [INFO] assistant: ==================================================
2026-03-29 00:43:24,366 [INFO] assistant: [ASSISTANT] Loading Whisper model...
2026-03-29 00:43:27,108 [INFO] stt: [STT] Loading Whisper model: base.en
2026-03-29 00:43:28,714 [INFO] stt: [STT] Whisper model loaded.
2026-03-29 00:43:28,714 [INFO] assistant: [ASSISTANT] Whisper ready.
2026-03-29 00:43:28,714 [INFO] tts: [TTS] Speaking: 'CannaKit ready. Hold F12 and speak your command.'
2026-03-29 00:43:35,181 [INFO] assistant: [ASSISTANT] Listening for F12 keypress. Ctrl+C to quit.
2026-03-29 00:43:47,336 [INFO] assistant: [STATE] → recording
2026-03-29 00:43:47,336 [INFO] assistant: [PTT] Recording...
2026-03-29 00:43:47,339 [INFO] assistant: [STATE] → recording
2026-03-29 00:43:47,342 [INFO] assistant: [PTT] Recording...
2026-03-29 00:43:47,611 [INFO] assistant: [PTT] Busy — ignoring keypress
2026-03-29 00:43:47,611 [INFO] assistant: [PTT] Busy — ignoring keypress
2026-03-29 00:43:47,651 [INFO] assistant: [PTT] Busy — ignoring keypress
2026-03-29 00:43:47,651 [INFO] assistant: [PTT] Busy — ignoring keypress
2026-03-29 00:43:47,691 [INFO] assistant: [PTT] Busy — ignoring keypress
2026-03-29 00:43:47,691 [INFO] assistant: [PTT] Busy — ignoring keypress
2026-03-29 00:43:47,731 [INFO] assistant: [PTT] Busy — ignoring keypress
2026-03-29 00:43:47,731 [INFO] assistant: [PTT] Busy — ignoring keypress
2026-03-29 00:43:47,771 [INFO] assistant: [PTT] Busy — ignoring keypress
2026-03-29 00:43:47,771 [INFO] assistant: [PTT] Busy — ignoring keypress
2026-03-29 00:43:47,811 [INFO] assistant: [PTT] Busy — ignoring keypress
2026-03-29 00:43:47,811 [INFO] assistant: [PTT] Busy — ignoring keypress
2026-03-29 00:43:47,851 [INFO] assistant: [PTT] Busy — ignoring keypress
2026-03-29 00:43:47,851 [INFO] assistant: [PTT] Busy — ignoring keypress
2026-03-29 00:43:47,891 [INFO] assistant: [PTT] Busy — ignoring keypress
2026-03-29 00:43:47,891 [INFO] assistant: [PTT] Busy — ignoring keypress
2026-03-29 00:43:47,931 [INFO] assistant: [PTT] Busy — ignoring keypress
2026-03-29 00:43:47,931 [INFO] assistant: [PTT] Busy — ignoring keypress
2026-03-29 00:43:47,975 [INFO] assistant: [PTT] Busy — ignoring keypress
2026-03-29 00:43:47,975 [INFO] assistant: [PTT] Busy — ignoring keypress
2026-03-29 00:43:48,015 [INFO] assistant: [PTT] Busy — ignoring keypress
2026-03-29 00:43:48,015 [INFO] assistant: [PTT] Busy — ignoring keypress
2026-03-29 00:43:48,055 [INFO] assistant: [PTT] Busy — ignoring keypress
2026-03-29 00:43:48,055 [INFO] assistant: [PTT] Busy — ignoring keypress
2026-03-29 00:43:48,095 [INFO] assistant: [PTT] Busy — ignoring keypress
2026-03-29 00:43:48,095 [INFO] assistant: [PTT] Busy — ignoring keypress
2026-03-29 00:43:48,135 [INFO] assistant: [PTT] Busy — ignoring keypress
2026-03-29 00:43:48,135 [INFO] assistant: [PTT] Busy — ignoring keypress
2026-03-29 00:43:48,175 [INFO] assistant: [PTT] Busy — ignoring keypress
2026-03-29 00:43:48,175 [INFO] assistant: [PTT] Busy — ignoring keypress
2026-03-29 00:43:48,215 [INFO] assistant: [PTT] Busy — ignoring keypress
2026-03-29 00:43:48,215 [INFO] assistant: [PTT] Busy — ignoring keypress
2026-03-29 00:43:48,255 [INFO] assistant: [PTT] Busy — ignoring keypress
2026-03-29 00:43:48,255 [INFO] assistant: [PTT] Busy — ignoring keypress
2026-03-29 00:43:48,295 [INFO] assistant: [PTT] Busy — ignoring keypress
2026-03-29 00:43:48,295 [INFO] assistant: [PTT] Busy — ignoring keypress
2026-03-29 00:43:48,335 [INFO] assistant: [PTT] Busy — ignoring keypress
2026-03-29 00:43:48,335 [INFO] assistant: [PTT] Busy — ignoring keypress
2026-03-29 00:43:48,375 [INFO] assistant: [PTT] Busy — ignoring keypress
2026-03-29 00:43:48,375 [INFO] assistant: [PTT] Busy — ignoring keypress
2026-03-29 00:43:48,415 [INFO] assistant: [PTT] Busy — ignoring keypress
2026-03-29 00:43:48,415 [INFO] assistant: [PTT] Busy — ignoring keypress
2026-03-29 00:43:48,455 [INFO] assistant: [PTT] Busy — ignoring keypress
2026-03-29 00:43:48,455 [INFO] assistant: [PTT] Busy — ignoring keypress
2026-03-29 00:43:48,495 [INFO] assistant: [PTT] Busy — ignoring keypress
2026-03-29 00:43:48,495 [INFO] assistant: [PTT] Busy — ignoring keypress
2026-03-29 00:43:48,535 [INFO] assistant: [PTT] Busy — ignoring keypress
2026-03-29 00:43:48,535 [INFO] assistant: [PTT] Busy — ignoring keypress
2026-03-29 00:43:48,575 [INFO] assistant: [PTT] Busy — ignoring keypress
2026-03-29 00:43:48,575 [INFO] assistant: [PTT] Busy — ignoring keypress
2026-03-29 00:43:48,615 [INFO] assistant: [PTT] Busy — ignoring keypress
2026-03-29 00:43:48,615 [INFO] assistant: [PTT] Busy — ignoring keypress
2026-03-29 00:43:48,655 [INFO] assistant: [PTT] Busy — ignoring keypress
2026-03-29 00:43:48,655 [INFO] assistant: [PTT] Busy — ignoring keypress
2026-03-29 00:43:48,695 [INFO] assistant: [PTT] Busy — ignoring keypress
2026-03-29 00:43:48,695 [INFO] assistant: [PTT] Busy — ignoring keypress
2026-03-29 00:43:48,735 [INFO] assistant: [PTT] Busy — ignoring keypress
2026-03-29 00:43:48,735 [INFO] assistant: [PTT] Busy — ignoring keypress
2026-03-29 00:43:48,775 [INFO] assistant: [PTT] Busy — ignoring keypress
2026-03-29 00:43:48,775 [INFO] assistant: [PTT] Busy — ignoring keypress
2026-03-29 00:43:48,815 [INFO] assistant: [PTT] Busy — ignoring keypress
2026-03-29 00:43:48,815 [INFO] assistant: [PTT] Busy — ignoring keypress
2026-03-29 00:43:48,855 [INFO] assistant: [PTT] Busy — ignoring keypress
2026-03-29 00:43:48,855 [INFO] assistant: [PTT] Busy — ignoring keypress
2026-03-29 00:43:48,895 [INFO] assistant: [PTT] Busy — ignoring keypress
2026-03-29 00:43:48,895 [INFO] assistant: [PTT] Busy — ignoring keypress
2026-03-29 00:43:48,935 [INFO] assistant: [PTT] Busy — ignoring keypress
2026-03-29 00:43:48,935 [INFO] assistant: [PTT] Busy — ignoring keypress
2026-03-29 00:43:48,975 [INFO] assistant: [PTT] Busy — ignoring keypress
2026-03-29 00:43:48,975 [INFO] assistant: [PTT] Busy — ignoring keypress
2026-03-29 00:43:49,015 [INFO] assistant: [PTT] Busy — ignoring keypress
2026-03-29 00:43:49,015 [INFO] assistant: [PTT] Busy — ignoring keypress
2026-03-29 00:43:49,055 [INFO] assistant: [PTT] Busy — ignoring keypress
2026-03-29 00:43:49,055 [INFO] assistant: [PTT] Busy — ignoring keypress
2026-03-29 00:43:49,095 [INFO] assistant: [PTT] Busy — ignoring keypress
2026-03-29 00:43:49,095 [INFO] assistant: [PTT] Busy — ignoring keypress
2026-03-29 00:43:49,135 [INFO] assistant: [PTT] Busy — ignoring keypress
2026-03-29 00:43:49,135 [INFO] assistant: [PTT] Busy — ignoring keypress
2026-03-29 00:43:49,175 [INFO] assistant: [PTT] Busy — ignoring keypress
2026-03-29 00:43:49,175 [INFO] assistant: [PTT] Busy — ignoring keypress
2026-03-29 00:43:49,215 [INFO] assistant: [PTT] Busy — ignoring keypress
2026-03-29 00:43:49,215 [INFO] assistant: [PTT] Busy — ignoring keypress
2026-03-29 00:43:49,255 [INFO] assistant: [PTT] Busy — ignoring keypress
2026-03-29 00:43:49,255 [INFO] assistant: [PTT] Busy — ignoring keypress
2026-03-29 00:43:49,295 [INFO] assistant: [PTT] Busy — ignoring keypress
2026-03-29 00:43:49,295 [INFO] assistant: [PTT] Busy — ignoring keypress
2026-03-29 00:43:49,335 [INFO] assistant: [PTT] Busy — ignoring keypress
2026-03-29 00:43:49,335 [INFO] assistant: [PTT] Busy — ignoring keypress
2026-03-29 00:43:49,376 [INFO] assistant: [PTT] Busy — ignoring keypress
2026-03-29 00:43:49,376 [INFO] assistant: [PTT] Busy — ignoring keypress
2026-03-29 00:43:49,415 [INFO] assistant: [PTT] Busy — ignoring keypress
2026-03-29 00:43:49,415 [INFO] assistant: [PTT] Busy — ignoring keypress
2026-03-29 00:43:49,455 [INFO] assistant: [PTT] Busy — ignoring keypress
2026-03-29 00:43:49,455 [INFO] assistant: [PTT] Busy — ignoring keypress
2026-03-29 00:43:49,495 [INFO] assistant: [PTT] Busy — ignoring keypress
2026-03-29 00:43:49,495 [INFO] assistant: [PTT] Busy — ignoring keypress
2026-03-29 00:43:49,535 [INFO] assistant: [PTT] Busy — ignoring keypress
2026-03-29 00:43:49,535 [INFO] assistant: [PTT] Busy — ignoring keypress
2026-03-29 00:43:49,905 [INFO] assistant: [PTT] Recorded 2.6s
2026-03-29 00:43:49,905 [INFO] assistant: [STATE] → processing
2026-03-29 00:43:49,905 [INFO] tts: [TTS] Speaking: 'Processing...'
2026-03-29 00:43:49,909 [INFO] assistant: [PTT] Recorded 2.6s
2026-03-29 00:43:49,909 [INFO] assistant: [STATE] → processing
2026-03-29 00:43:49,909 [INFO] tts: [TTS] Speaking: 'Processing...'
2026-03-29 00:43:53,997 [INFO] stt: [STT] Transcribing...
2026-03-29 00:43:54,123 [INFO] stt: [STT] Transcribing...
2026-03-29 00:44:02,021 [INFO] stt: [STT] Transcribed: 'What time is it?'
2026-03-29 00:44:02,022 [INFO] assistant: [PTT] Command: 'What time is it?'
2026-03-29 00:44:02,022 [INFO] intent: [INTENT] Matched 'what time' → handle_time
2026-03-29 00:44:02,022 [INFO] assistant: [PTT] Response: "It's 12:44 AM on Sunday, March 29."
2026-03-29 00:44:02,022 [INFO] assistant: [STATE] → speaking
2026-03-29 00:44:02,022 [INFO] tts: [TTS] Speaking: "It's 12:44 AM on Sunday, March 29."
2026-03-29 00:44:02,762 [INFO] stt: [STT] Transcribed: 'What time is it?'
2026-03-29 00:44:02,763 [INFO] assistant: [PTT] Command: 'What time is it?'
2026-03-29 00:44:02,763 [INFO] intent: [INTENT] Matched 'what time' → handle_time
2026-03-29 00:44:02,763 [INFO] assistant: [PTT] Response: "It's 12:44 AM on Sunday, March 29."
2026-03-29 00:44:02,764 [INFO] assistant: [STATE] → speaking
2026-03-29 00:44:02,764 [INFO] tts: [TTS] Speaking: "It's 12:44 AM on Sunday, March 29."
2026-03-29 00:44:09,915 [INFO] assistant: [STATE] → idle
2026-03-29 00:44:09,916 [INFO] assistant: [PTT] Ready — press F12 to speak.
2026-03-29 00:44:10,086 [INFO] assistant: [STATE] → idle
2026-03-29 00:44:10,086 [INFO] assistant: [PTT] Ready — press F12 to speak.
2026-03-29 00:49:21,239 [INFO] assistant: [ASSISTANT] Shutting down...
2026-03-29 00:49:21,247 [INFO] tts: [TTS] Speaking: 'Goodbye.'
2026-03-29 00:58:16,654 [INFO] assistant: ==================================================
2026-03-29 00:58:16,654 [INFO] assistant:   CannaKit Voice Assistant — Push-to-Talk
2026-03-29 00:58:16,654 [INFO] assistant: ==================================================
2026-03-29 00:58:16,654 [INFO] assistant: [ASSISTANT] Loading Whisper model...
2026-03-29 00:58:18,594 [INFO] stt: [STT] Loading Whisper model: base.en
2026-03-29 00:58:19,979 [INFO] stt: [STT] Whisper model loaded.
2026-03-29 00:58:19,979 [INFO] assistant: [ASSISTANT] Whisper ready.
2026-03-29 00:58:19,980 [INFO] tts: [TTS] Speaking: 'CannaKit ready. Hold F12 and speak your command.'
2026-03-29 00:58:26,328 [INFO] assistant: [ASSISTANT] Listening for F12 keypress. Ctrl+C to quit.
2026-03-29 00:58:28,916 [INFO] assistant: [STATE] → recording
2026-03-29 00:58:28,916 [INFO] assistant: [PTT] Recording...
2026-03-29 00:58:29,179 [INFO] assistant: [PTT] Busy — ignoring keypress
2026-03-29 00:58:29,219 [INFO] assistant: [PTT] Busy — ignoring keypress
2026-03-29 00:58:29,259 [INFO] assistant: [PTT] Busy — ignoring keypress
2026-03-29 00:58:29,299 [INFO] assistant: [PTT] Busy — ignoring keypress
2026-03-29 00:58:29,345 [INFO] assistant: [PTT] Busy — ignoring keypress
2026-03-29 00:58:29,383 [INFO] assistant: [PTT] Busy — ignoring keypress
2026-03-29 00:58:29,419 [INFO] assistant: [PTT] Busy — ignoring keypress
2026-03-29 00:58:29,459 [INFO] assistant: [PTT] Busy — ignoring keypress
2026-03-29 00:58:29,502 [INFO] assistant: [PTT] Busy — ignoring keypress
2026-03-29 00:58:29,540 [INFO] assistant: [PTT] Busy — ignoring keypress
2026-03-29 00:58:29,584 [INFO] assistant: [PTT] Busy — ignoring keypress
2026-03-29 00:58:29,623 [INFO] assistant: [PTT] Busy — ignoring keypress
2026-03-29 00:58:29,663 [INFO] assistant: [PTT] Busy — ignoring keypress
2026-03-29 00:58:29,703 [INFO] assistant: [PTT] Busy — ignoring keypress
2026-03-29 00:58:29,743 [INFO] assistant: [PTT] Busy — ignoring keypress
2026-03-29 00:58:29,783 [INFO] assistant: [PTT] Busy — ignoring keypress
2026-03-29 00:58:29,823 [INFO] assistant: [PTT] Busy — ignoring keypress
2026-03-29 00:58:29,863 [INFO] assistant: [PTT] Busy — ignoring keypress
2026-03-29 00:58:29,903 [INFO] assistant: [PTT] Busy — ignoring keypress
2026-03-29 00:58:29,943 [INFO] assistant: [PTT] Busy — ignoring keypress
2026-03-29 00:58:29,983 [INFO] assistant: [PTT] Busy — ignoring keypress
2026-03-29 00:58:30,023 [INFO] assistant: [PTT] Busy — ignoring keypress
2026-03-29 00:58:30,063 [INFO] assistant: [PTT] Busy — ignoring keypress
2026-03-29 00:58:30,103 [INFO] assistant: [PTT] Busy — ignoring keypress
2026-03-29 00:58:30,143 [INFO] assistant: [PTT] Busy — ignoring keypress
2026-03-29 00:58:30,183 [INFO] assistant: [PTT] Busy — ignoring keypress
2026-03-29 00:58:30,223 [INFO] assistant: [PTT] Busy — ignoring keypress
2026-03-29 00:58:30,263 [INFO] assistant: [PTT] Busy — ignoring keypress
2026-03-29 00:58:30,303 [INFO] assistant: [PTT] Busy — ignoring keypress
2026-03-29 00:58:30,343 [INFO] assistant: [PTT] Busy — ignoring keypress
2026-03-29 00:58:30,383 [INFO] assistant: [PTT] Busy — ignoring keypress
2026-03-29 00:58:30,423 [INFO] assistant: [PTT] Busy — ignoring keypress
2026-03-29 00:58:30,463 [INFO] assistant: [PTT] Busy — ignoring keypress
2026-03-29 00:58:30,503 [INFO] assistant: [PTT] Busy — ignoring keypress
2026-03-29 00:58:30,543 [INFO] assistant: [PTT] Busy — ignoring keypress
2026-03-29 00:58:30,583 [INFO] assistant: [PTT] Busy — ignoring keypress
2026-03-29 00:58:30,623 [INFO] assistant: [PTT] Busy — ignoring keypress
2026-03-29 00:58:30,663 [INFO] assistant: [PTT] Busy — ignoring keypress
2026-03-29 00:58:30,703 [INFO] assistant: [PTT] Busy — ignoring keypress
2026-03-29 00:58:30,743 [INFO] assistant: [PTT] Busy — ignoring keypress
2026-03-29 00:58:30,783 [INFO] assistant: [PTT] Busy — ignoring keypress
2026-03-29 00:58:30,823 [INFO] assistant: [PTT] Busy — ignoring keypress
2026-03-29 00:58:31,183 [INFO] assistant: [PTT] Recorded 2.3s
2026-03-29 00:58:31,183 [INFO] assistant: [STATE] → processing
2026-03-29 00:58:31,183 [INFO] tts: [TTS] Speaking: 'Processing...'
2026-03-29 00:58:34,883 [INFO] stt: [STT] Transcribing...
2026-03-29 00:58:38,435 [INFO] stt: [STT] Transcribed: 'What time is it?'
2026-03-29 00:58:38,435 [INFO] assistant: [PTT] Command: 'What time is it?'
2026-03-29 00:58:38,435 [INFO] intent: [INTENT] Matched 'what time' → handle_time
2026-03-29 00:58:38,435 [INFO] assistant: [PTT] Response: "It's 12:58 AM on Sunday, March 29."
2026-03-29 00:58:38,435 [INFO] assistant: [STATE] → speaking
2026-03-29 00:58:38,435 [INFO] tts: [TTS] Speaking: "It's 12:58 AM on Sunday, March 29."
2026-03-29 00:58:44,967 [INFO] assistant: [STATE] → idle
2026-03-29 00:58:44,967 [INFO] assistant: [PTT] Ready — press F12 to speak.
2026-03-29 00:58:53,909 [INFO] assistant: [STATE] → recording
2026-03-29 00:58:53,909 [INFO] assistant: [PTT] Recording...
2026-03-29 00:58:54,171 [INFO] assistant: [PTT] Busy — ignoring keypress
2026-03-29 00:58:54,211 [INFO] assistant: [PTT] Busy — ignoring keypress
2026-03-29 00:58:54,251 [INFO] assistant: [PTT] Busy — ignoring keypress
2026-03-29 00:58:54,295 [INFO] assistant: [PTT] Busy — ignoring keypress
2026-03-29 00:58:54,339 [INFO] assistant: [PTT] Busy — ignoring keypress
2026-03-29 00:58:54,383 [INFO] assistant: [PTT] Busy — ignoring keypress
2026-03-29 00:58:54,427 [INFO] assistant: [PTT] Busy — ignoring keypress
2026-03-29 00:58:54,471 [INFO] assistant: [PTT] Busy — ignoring keypress
2026-03-29 00:58:54,511 [INFO] assistant: [PTT] Busy — ignoring keypress
2026-03-29 00:58:54,551 [INFO] assistant: [PTT] Busy — ignoring keypress
2026-03-29 00:58:54,591 [INFO] assistant: [PTT] Busy — ignoring keypress
2026-03-29 00:58:54,631 [INFO] assistant: [PTT] Busy — ignoring keypress
2026-03-29 00:58:54,671 [INFO] assistant: [PTT] Busy — ignoring keypress
2026-03-29 00:58:54,711 [INFO] assistant: [PTT] Busy — ignoring keypress
2026-03-29 00:58:54,751 [INFO] assistant: [PTT] Busy — ignoring keypress
2026-03-29 00:58:54,792 [INFO] assistant: [PTT] Busy — ignoring keypress
2026-03-29 00:58:54,831 [INFO] assistant: [PTT] Busy — ignoring keypress
2026-03-29 00:58:54,871 [INFO] assistant: [PTT] Busy — ignoring keypress
2026-03-29 00:58:54,911 [INFO] assistant: [PTT] Busy — ignoring keypress
2026-03-29 00:58:54,951 [INFO] assistant: [PTT] Busy — ignoring keypress
2026-03-29 00:58:54,991 [INFO] assistant: [PTT] Busy — ignoring keypress
2026-03-29 00:58:55,031 [INFO] assistant: [PTT] Busy — ignoring keypress
2026-03-29 00:58:55,071 [INFO] assistant: [PTT] Busy — ignoring keypress
2026-03-29 00:58:55,111 [INFO] assistant: [PTT] Busy — ignoring keypress
2026-03-29 00:58:55,151 [INFO] assistant: [PTT] Busy — ignoring keypress
2026-03-29 00:58:55,191 [INFO] assistant: [PTT] Busy — ignoring keypress
2026-03-29 00:58:55,231 [INFO] assistant: [PTT] Busy — ignoring keypress
2026-03-29 00:58:55,271 [INFO] assistant: [PTT] Busy — ignoring keypress
2026-03-29 00:58:55,311 [INFO] assistant: [PTT] Busy — ignoring keypress
2026-03-29 00:58:55,351 [INFO] assistant: [PTT] Busy — ignoring keypress
2026-03-29 00:58:55,391 [INFO] assistant: [PTT] Busy — ignoring keypress
2026-03-29 00:58:55,431 [INFO] assistant: [PTT] Busy — ignoring keypress
2026-03-29 00:58:55,471 [INFO] assistant: [PTT] Busy — ignoring keypress
2026-03-29 00:58:55,511 [INFO] assistant: [PTT] Busy — ignoring keypress
2026-03-29 00:58:55,551 [INFO] assistant: [PTT] Busy — ignoring keypress
2026-03-29 00:58:55,592 [INFO] assistant: [PTT] Busy — ignoring keypress
2026-03-29 00:58:55,631 [INFO] assistant: [PTT] Busy — ignoring keypress
2026-03-29 00:58:55,671 [INFO] assistant: [PTT] Busy — ignoring keypress
2026-03-29 00:58:55,711 [INFO] assistant: [PTT] Busy — ignoring keypress
2026-03-29 00:58:55,751 [INFO] assistant: [PTT] Busy — ignoring keypress
2026-03-29 00:58:55,791 [INFO] assistant: [PTT] Busy — ignoring keypress
2026-03-29 00:58:55,831 [INFO] assistant: [PTT] Busy — ignoring keypress
2026-03-29 00:58:55,871 [INFO] assistant: [PTT] Busy — ignoring keypress
2026-03-29 00:58:55,912 [INFO] assistant: [PTT] Busy — ignoring keypress
2026-03-29 00:58:55,951 [INFO] assistant: [PTT] Busy — ignoring keypress
2026-03-29 00:58:55,991 [INFO] assistant: [PTT] Busy — ignoring keypress
2026-03-29 00:58:56,031 [INFO] assistant: [PTT] Busy — ignoring keypress
2026-03-29 00:58:56,071 [INFO] assistant: [PTT] Busy — ignoring keypress
2026-03-29 00:58:56,111 [INFO] assistant: [PTT] Busy — ignoring keypress
2026-03-29 00:58:56,151 [INFO] assistant: [PTT] Busy — ignoring keypress
2026-03-29 00:58:56,191 [INFO] assistant: [PTT] Busy — ignoring keypress
2026-03-29 00:58:56,231 [INFO] assistant: [PTT] Busy — ignoring keypress
2026-03-29 00:58:56,624 [INFO] assistant: [PTT] Recorded 2.7s
2026-03-29 00:58:56,624 [INFO] assistant: [STATE] → processing
2026-03-29 00:58:56,624 [INFO] tts: [TTS] Speaking: 'Processing...'
2026-03-29 00:59:00,146 [INFO] stt: [STT] Transcribing...
2026-03-29 00:59:03,890 [INFO] stt: [STT] Transcribed: 'What is the weather tomorrow?'
2026-03-29 00:59:03,890 [INFO] assistant: [PTT] Command: 'What is the weather tomorrow?'
2026-03-29 00:59:03,890 [INFO] assistant: [PTT] Response: "I heard you say: What is the weather tomorrow?. I'm not sure how to help with that yet."
2026-03-29 00:59:03,890 [INFO] assistant: [STATE] → speaking
2026-03-29 00:59:03,890 [INFO] tts: [TTS] Speaking: "I heard you say: What is the weather tomorrow?. I'm not sure how to help with that yet."
2026-03-29 00:59:11,774 [INFO] assistant: [STATE] → idle
2026-03-29 00:59:11,775 [INFO] assistant: [PTT] Ready — press F12 to speak.
2026-03-29 00:59:13,409 [INFO] assistant: [ASSISTANT] Shutting down...
2026-03-29 00:59:13,409 [INFO] tts: [TTS] Speaking: 'Goodbye.'
2026-03-29 01:15:38,568 [INFO] assistant: ==================================================
2026-03-29 01:15:38,568 [INFO] assistant:   CannaKit Voice Assistant — Push-to-Talk
2026-03-29 01:15:38,568 [INFO] assistant: ==================================================
2026-03-29 01:15:38,568 [INFO] assistant: [ASSISTANT] Loading Whisper model...
2026-03-29 01:15:40,254 [INFO] stt: [STT] Loading Whisper model: base.en
2026-03-29 01:15:41,491 [INFO] stt: [STT] Whisper model loaded.
2026-03-29 01:15:41,492 [INFO] assistant: [ASSISTANT] Whisper ready.
2026-03-29 01:15:41,492 [INFO] tts: [TTS] Speaking: 'CannaKit ready. Hold F12 and speak your command.'
2026-03-29 01:15:47,590 [INFO] assistant: [ASSISTANT] Listening for F12 keypress. Ctrl+C to quit.
2026-03-29 01:15:51,976 [INFO] assistant: [STATE] → recording
2026-03-29 01:15:51,977 [INFO] assistant: [PTT] Recording...
2026-03-29 01:15:52,251 [INFO] assistant: [PTT] Busy — ignoring keypress
2026-03-29 01:15:52,291 [INFO] assistant: [PTT] Busy — ignoring keypress
2026-03-29 01:15:52,331 [INFO] assistant: [PTT] Busy — ignoring keypress
2026-03-29 01:15:52,371 [INFO] assistant: [PTT] Busy — ignoring keypress
2026-03-29 01:15:52,411 [INFO] assistant: [PTT] Busy — ignoring keypress
2026-03-29 01:15:52,452 [INFO] assistant: [PTT] Busy — ignoring keypress
2026-03-29 01:15:52,491 [INFO] assistant: [PTT] Busy — ignoring keypress
2026-03-29 01:15:52,531 [INFO] assistant: [PTT] Busy — ignoring keypress
2026-03-29 01:15:52,571 [INFO] assistant: [PTT] Busy — ignoring keypress
2026-03-29 01:15:52,611 [INFO] assistant: [PTT] Busy — ignoring keypress
2026-03-29 01:15:52,655 [INFO] assistant: [PTT] Busy — ignoring keypress
2026-03-29 01:15:52,699 [INFO] assistant: [PTT] Busy — ignoring keypress
2026-03-29 01:15:52,743 [INFO] assistant: [PTT] Busy — ignoring keypress
2026-03-29 01:15:52,783 [INFO] assistant: [PTT] Busy — ignoring keypress
2026-03-29 01:15:52,823 [INFO] assistant: [PTT] Busy — ignoring keypress
2026-03-29 01:15:52,863 [INFO] assistant: [PTT] Busy — ignoring keypress
2026-03-29 01:15:52,903 [INFO] assistant: [PTT] Busy — ignoring keypress
2026-03-29 01:15:52,947 [INFO] assistant: [PTT] Busy — ignoring keypress
2026-03-29 01:15:52,987 [INFO] assistant: [PTT] Busy — ignoring keypress
2026-03-29 01:15:53,027 [INFO] assistant: [PTT] Busy — ignoring keypress
2026-03-29 01:15:53,067 [INFO] assistant: [PTT] Busy — ignoring keypress
2026-03-29 01:15:53,107 [INFO] assistant: [PTT] Busy — ignoring keypress
2026-03-29 01:15:53,147 [INFO] assistant: [PTT] Busy — ignoring keypress
2026-03-29 01:15:53,187 [INFO] assistant: [PTT] Busy — ignoring keypress
2026-03-29 01:15:53,231 [INFO] assistant: [PTT] Busy — ignoring keypress
2026-03-29 01:15:53,271 [INFO] assistant: [PTT] Busy — ignoring keypress
2026-03-29 01:15:53,315 [INFO] assistant: [PTT] Busy — ignoring keypress
2026-03-29 01:15:53,355 [INFO] assistant: [PTT] Busy — ignoring keypress
2026-03-29 01:15:53,399 [INFO] assistant: [PTT] Busy — ignoring keypress
2026-03-29 01:15:53,443 [INFO] assistant: [PTT] Busy — ignoring keypress
2026-03-29 01:15:53,483 [INFO] assistant: [PTT] Busy — ignoring keypress
2026-03-29 01:15:53,523 [INFO] assistant: [PTT] Busy — ignoring keypress
2026-03-29 01:15:53,563 [INFO] assistant: [PTT] Busy — ignoring keypress
2026-03-29 01:15:53,603 [INFO] assistant: [PTT] Busy — ignoring keypress
2026-03-29 01:15:53,643 [INFO] assistant: [PTT] Busy — ignoring keypress
2026-03-29 01:15:53,683 [INFO] assistant: [PTT] Busy — ignoring keypress
2026-03-29 01:15:53,723 [INFO] assistant: [PTT] Busy — ignoring keypress
2026-03-29 01:15:53,763 [INFO] assistant: [PTT] Busy — ignoring keypress
2026-03-29 01:15:53,803 [INFO] assistant: [PTT] Busy — ignoring keypress
2026-03-29 01:15:53,843 [INFO] assistant: [PTT] Busy — ignoring keypress
2026-03-29 01:15:53,887 [INFO] assistant: [PTT] Busy — ignoring keypress
2026-03-29 01:15:53,931 [INFO] assistant: [PTT] Busy — ignoring keypress
2026-03-29 01:15:53,971 [INFO] assistant: [PTT] Busy — ignoring keypress
2026-03-29 01:15:54,011 [INFO] assistant: [PTT] Busy — ignoring keypress
2026-03-29 01:15:54,051 [INFO] assistant: [PTT] Busy — ignoring keypress
2026-03-29 01:15:54,091 [INFO] assistant: [PTT] Busy — ignoring keypress
2026-03-29 01:15:54,131 [INFO] assistant: [PTT] Busy — ignoring keypress
2026-03-29 01:15:54,171 [INFO] assistant: [PTT] Busy — ignoring keypress
2026-03-29 01:15:54,211 [INFO] assistant: [PTT] Busy — ignoring keypress
2026-03-29 01:15:54,251 [INFO] assistant: [PTT] Busy — ignoring keypress
2026-03-29 01:15:54,291 [INFO] assistant: [PTT] Busy — ignoring keypress
2026-03-29 01:15:54,331 [INFO] assistant: [PTT] Busy — ignoring keypress
2026-03-29 01:15:54,371 [INFO] assistant: [PTT] Busy — ignoring keypress
2026-03-29 01:15:54,411 [INFO] assistant: [PTT] Busy — ignoring keypress
2026-03-29 01:15:54,740 [INFO] assistant: [PTT] Recorded 2.8s
2026-03-29 01:15:54,740 [INFO] assistant: [STATE] → processing
2026-03-29 01:15:54,740 [INFO] tts: [TTS] Speaking: 'Processing...'
2026-03-29 01:15:58,463 [INFO] stt: [STT] Transcribing...
2026-03-29 01:16:02,133 [INFO] stt: [STT] Transcribed: 'What is the weather today?'
2026-03-29 01:16:02,133 [INFO] assistant: [PTT] Command: 'What is the weather today?'
2026-03-29 01:16:02,133 [INFO] assistant: [PTT] Response: "I heard you say: What is the weather today?. I'm not sure how to help with that yet."
2026-03-29 01:16:02,133 [INFO] assistant: [STATE] → speaking
2026-03-29 01:16:02,133 [INFO] tts: [TTS] Speaking: "I heard you say: What is the weather today?. I'm not sure how to help with that yet."
2026-03-29 01:16:09,860 [INFO] assistant: [STATE] → idle
2026-03-29 01:16:09,860 [INFO] assistant: [PTT] Ready — press F12 to speak.
2026-03-29 01:17:02,611 [INFO] assistant: [ASSISTANT] Shutting down...
2026-03-29 01:17:02,612 [INFO] tts: [TTS] Speaking: 'Goodbye.'
2026-03-29 01:18:59,560 [INFO] assistant: ==================================================
2026-03-29 01:18:59,560 [INFO] assistant:   CannaKit Voice Assistant — Push-to-Talk
2026-03-29 01:18:59,560 [INFO] assistant: ==================================================
2026-03-29 01:18:59,560 [INFO] assistant: [ASSISTANT] Loading Whisper model...
2026-03-29 01:19:01,132 [INFO] stt: [STT] Loading Whisper model: base.en
2026-03-29 01:19:02,372 [INFO] stt: [STT] Whisper model loaded.
2026-03-29 01:19:02,381 [INFO] assistant: [ASSISTANT] Whisper ready.
2026-03-29 01:19:02,381 [INFO] tts: [TTS] Speaking: 'CannaKit ready. Hold F12 and speak your command.'
2026-03-29 01:19:08,421 [INFO] assistant: [ASSISTANT] Listening for F12 keypress. Ctrl+C to quit.
2026-03-29 01:19:11,345 [INFO] assistant: [STATE] → recording
2026-03-29 01:19:11,346 [INFO] assistant: [PTT] Recording...
2026-03-29 01:19:11,611 [INFO] assistant: [PTT] Busy — ignoring keypress
2026-03-29 01:19:11,651 [INFO] assistant: [PTT] Busy — ignoring keypress
2026-03-29 01:19:11,691 [INFO] assistant: [PTT] Busy — ignoring keypress
2026-03-29 01:19:11,731 [INFO] assistant: [PTT] Busy — ignoring keypress
2026-03-29 01:19:11,775 [INFO] assistant: [PTT] Busy — ignoring keypress
2026-03-29 01:19:11,815 [INFO] assistant: [PTT] Busy — ignoring keypress
2026-03-29 01:19:11,855 [INFO] assistant: [PTT] Busy — ignoring keypress
2026-03-29 01:19:11,895 [INFO] assistant: [PTT] Busy — ignoring keypress
2026-03-29 01:19:11,935 [INFO] assistant: [PTT] Busy — ignoring keypress
2026-03-29 01:19:11,979 [INFO] assistant: [PTT] Busy — ignoring keypress
2026-03-29 01:19:12,019 [INFO] assistant: [PTT] Busy — ignoring keypress
2026-03-29 01:19:12,059 [INFO] assistant: [PTT] Busy — ignoring keypress
2026-03-29 01:19:12,099 [INFO] assistant: [PTT] Busy — ignoring keypress
2026-03-29 01:19:12,139 [INFO] assistant: [PTT] Busy — ignoring keypress
2026-03-29 01:19:12,179 [INFO] assistant: [PTT] Busy — ignoring keypress
2026-03-29 01:19:12,219 [INFO] assistant: [PTT] Busy — ignoring keypress
2026-03-29 01:19:12,259 [INFO] assistant: [PTT] Busy — ignoring keypress
2026-03-29 01:19:12,299 [INFO] assistant: [PTT] Busy — ignoring keypress
2026-03-29 01:19:12,339 [INFO] assistant: [PTT] Busy — ignoring keypress
2026-03-29 01:19:12,379 [INFO] assistant: [PTT] Busy — ignoring keypress
2026-03-29 01:19:12,419 [INFO] assistant: [PTT] Busy — ignoring keypress
2026-03-29 01:19:12,459 [INFO] assistant: [PTT] Busy — ignoring keypress
2026-03-29 01:19:12,499 [INFO] assistant: [PTT] Busy — ignoring keypress
2026-03-29 01:19:12,539 [INFO] assistant: [PTT] Busy — ignoring keypress
2026-03-29 01:19:12,579 [INFO] assistant: [PTT] Busy — ignoring keypress
2026-03-29 01:19:12,619 [INFO] assistant: [PTT] Busy — ignoring keypress
2026-03-29 01:19:12,659 [INFO] assistant: [PTT] Busy — ignoring keypress
2026-03-29 01:19:12,699 [INFO] assistant: [PTT] Busy — ignoring keypress
2026-03-29 01:19:12,739 [INFO] assistant: [PTT] Busy — ignoring keypress
2026-03-29 01:19:12,779 [INFO] assistant: [PTT] Busy — ignoring keypress
2026-03-29 01:19:12,819 [INFO] assistant: [PTT] Busy — ignoring keypress
2026-03-29 01:19:12,859 [INFO] assistant: [PTT] Busy — ignoring keypress
2026-03-29 01:19:12,899 [INFO] assistant: [PTT] Busy — ignoring keypress
2026-03-29 01:19:12,939 [INFO] assistant: [PTT] Busy — ignoring keypress
2026-03-29 01:19:12,979 [INFO] assistant: [PTT] Busy — ignoring keypress
2026-03-29 01:19:13,023 [INFO] assistant: [PTT] Busy — ignoring keypress
2026-03-29 01:19:13,063 [INFO] assistant: [PTT] Busy — ignoring keypress
2026-03-29 01:19:13,103 [INFO] assistant: [PTT] Busy — ignoring keypress
2026-03-29 01:19:13,143 [INFO] assistant: [PTT] Busy — ignoring keypress
2026-03-29 01:19:13,183 [INFO] assistant: [PTT] Busy — ignoring keypress
2026-03-29 01:19:13,223 [INFO] assistant: [PTT] Busy — ignoring keypress
2026-03-29 01:19:13,263 [INFO] assistant: [PTT] Busy — ignoring keypress
2026-03-29 01:19:13,303 [INFO] assistant: [PTT] Busy — ignoring keypress
2026-03-29 01:19:13,343 [INFO] assistant: [PTT] Busy — ignoring keypress
2026-03-29 01:19:13,383 [INFO] assistant: [PTT] Busy — ignoring keypress
2026-03-29 01:19:13,423 [INFO] assistant: [PTT] Busy — ignoring keypress
2026-03-29 01:19:13,463 [INFO] assistant: [PTT] Busy — ignoring keypress
2026-03-29 01:19:13,503 [INFO] assistant: [PTT] Busy — ignoring keypress
2026-03-29 01:19:13,543 [INFO] assistant: [PTT] Busy — ignoring keypress
2026-03-29 01:19:13,583 [INFO] assistant: [PTT] Busy — ignoring keypress
2026-03-29 01:19:13,623 [INFO] assistant: [PTT] Busy — ignoring keypress
2026-03-29 01:19:13,663 [INFO] assistant: [PTT] Busy — ignoring keypress
2026-03-29 01:19:13,703 [INFO] assistant: [PTT] Busy — ignoring keypress
2026-03-29 01:19:13,743 [INFO] assistant: [PTT] Busy — ignoring keypress
2026-03-29 01:19:13,783 [INFO] assistant: [PTT] Busy — ignoring keypress
2026-03-29 01:19:13,823 [INFO] assistant: [PTT] Busy — ignoring keypress
2026-03-29 01:19:14,159 [INFO] assistant: [PTT] Recorded 2.8s
2026-03-29 01:19:14,159 [INFO] assistant: [STATE] → processing
2026-03-29 01:19:14,159 [INFO] tts: [TTS] Speaking: 'Processing...'
2026-03-29 01:19:17,993 [INFO] stt: [STT] Transcribing...
2026-03-29 01:19:21,848 [INFO] stt: [STT] Transcribed: 'What is the weather today?'
2026-03-29 01:19:21,849 [INFO] assistant: [PTT] Command: 'What is the weather today?'
2026-03-29 01:19:21,849 [INFO] intent: [INTENT] Matched 'weather' → handle_weather
2026-03-29 01:19:24,371 [INFO] assistant: [PTT] Response: 'Currently clear sky, 50 degrees Fahrenheit, feels like 42. Humidity is 28 percent with winds at 6 miles per hour.'
2026-03-29 01:19:24,371 [INFO] assistant: [STATE] → speaking
2026-03-29 01:19:24,371 [INFO] tts: [TTS] Speaking: 'Currently clear sky, 50 degrees Fahrenheit, feels like 42. Humidity is 28 percent with winds at 6 miles per hour.'
2026-03-29 01:19:36,406 [INFO] assistant: [STATE] → idle
2026-03-29 01:19:36,406 [INFO] assistant: [PTT] Ready — press F12 to speak.
2026-03-29 01:23:37,998 [INFO] assistant: [ASSISTANT] Shutting down...
2026-03-29 01:23:37,998 [INFO] tts: [TTS] Speaking: 'Goodbye.'
2026-03-29 01:33:09,605 [INFO] assistant: ==================================================
2026-03-29 01:33:09,605 [INFO] assistant:   CannaKit Voice Assistant — Push-to-Talk
2026-03-29 01:33:09,605 [INFO] assistant: ==================================================
2026-03-29 01:33:09,606 [INFO] assistant: [ASSISTANT] Loading Whisper model...
2026-03-29 01:33:11,849 [INFO] stt: [STT] Loading Whisper model: base.en
2026-03-29 01:33:13,496 [INFO] stt: [STT] Whisper model loaded.
2026-03-29 01:33:13,496 [INFO] assistant: [ASSISTANT] Whisper ready.
2026-03-29 01:33:13,496 [INFO] tts: [TTS] Speaking: 'CannaKit ready. Hold F12 and speak your command.'
2026-03-29 01:33:32,387 [INFO] assistant: ==================================================
2026-03-29 01:33:32,388 [INFO] assistant:   CannaKit Voice Assistant — Push-to-Talk
2026-03-29 01:33:32,388 [INFO] assistant: ==================================================
2026-03-29 01:33:32,388 [INFO] assistant: [ASSISTANT] Loading Whisper model...
2026-03-29 01:33:36,021 [INFO] stt: [STT] Loading Whisper model: base.en
2026-03-29 01:33:37,456 [INFO] stt: [STT] Whisper model loaded.
2026-03-29 01:33:37,456 [INFO] assistant: [ASSISTANT] Whisper ready.
2026-03-29 01:33:37,456 [INFO] tts: [TTS] Speaking: 'CannaKit ready. Hold F12 and speak your command.'
2026-03-29 01:33:54,863 [INFO] assistant: ==================================================
2026-03-29 01:33:54,863 [INFO] assistant:   CannaKit Voice Assistant — Push-to-Talk
2026-03-29 01:33:54,863 [INFO] assistant: ==================================================
2026-03-29 01:33:54,863 [INFO] assistant: [ASSISTANT] Loading Whisper model...
2026-03-29 01:33:56,478 [INFO] stt: [STT] Loading Whisper model: base.en
2026-03-29 01:33:57,726 [INFO] stt: [STT] Whisper model loaded.
2026-03-29 01:33:57,726 [INFO] assistant: [ASSISTANT] Whisper ready.
2026-03-29 01:33:57,726 [INFO] tts: [TTS] Speaking: 'CannaKit ready. Hold F12 and speak your command.'
2026-03-29 01:34:15,906 [INFO] assistant: ==================================================
2026-03-29 01:34:15,906 [INFO] assistant:   CannaKit Voice Assistant — Push-to-Talk
2026-03-29 01:34:15,906 [INFO] assistant: ==================================================
2026-03-29 01:34:15,906 [INFO] assistant: [ASSISTANT] Loading Whisper model...
2026-03-29 01:34:19,060 [INFO] stt: [STT] Loading Whisper model: base.en
2026-03-29 01:34:20,674 [INFO] stt: [STT] Whisper model loaded.
2026-03-29 01:34:20,674 [INFO] assistant: [ASSISTANT] Whisper ready.
2026-03-29 01:34:20,675 [INFO] tts: [TTS] Speaking: 'CannaKit ready. Hold F12 and speak your command.'
2026-03-29 01:34:39,959 [INFO] assistant: ==================================================
2026-03-29 01:34:39,960 [INFO] assistant:   CannaKit Voice Assistant — Push-to-Talk
2026-03-29 01:34:39,960 [INFO] assistant: ==================================================
2026-03-29 01:34:39,961 [INFO] assistant: [ASSISTANT] Loading Whisper model...
2026-03-29 01:34:42,470 [INFO] stt: [STT] Loading Whisper model: base.en
2026-03-29 01:34:43,916 [INFO] stt: [STT] Whisper model loaded.
2026-03-29 01:34:43,916 [INFO] assistant: [ASSISTANT] Whisper ready.
2026-03-29 01:34:43,917 [INFO] tts: [TTS] Speaking: 'CannaKit ready. Hold F12 and speak your command.'
2026-03-29 01:35:02,380 [INFO] assistant: ==================================================
2026-03-29 01:35:02,380 [INFO] assistant:   CannaKit Voice Assistant — Push-to-Talk
2026-03-29 01:35:02,380 [INFO] assistant: ==================================================
2026-03-29 01:35:02,380 [INFO] assistant: [ASSISTANT] Loading Whisper model...
2026-03-29 01:35:05,431 [INFO] stt: [STT] Loading Whisper model: base.en
2026-03-29 01:35:07,199 [INFO] stt: [STT] Whisper model loaded.
2026-03-29 01:35:07,201 [INFO] assistant: [ASSISTANT] Whisper ready.
2026-03-29 01:35:07,201 [INFO] tts: [TTS] Speaking: 'CannaKit ready. Hold F12 and speak your command.'
2026-03-29 01:35:29,610 [INFO] assistant: ==================================================
2026-03-29 01:35:29,610 [INFO] assistant:   CannaKit Voice Assistant — Push-to-Talk
2026-03-29 01:35:29,610 [INFO] assistant: ==================================================
2026-03-29 01:35:29,610 [INFO] assistant: [ASSISTANT] Loading Whisper model...
2026-03-29 01:35:32,204 [INFO] stt: [STT] Loading Whisper model: base.en
2026-03-29 01:35:33,585 [INFO] stt: [STT] Whisper model loaded.
2026-03-29 01:35:33,587 [INFO] assistant: [ASSISTANT] Whisper ready.
2026-03-29 01:35:33,587 [INFO] tts: [TTS] Speaking: 'CannaKit ready. Hold F12 and speak your command.'
2026-03-29 01:36:19,550 [INFO] assistant: ==================================================
2026-03-29 01:36:19,550 [INFO] assistant:   CannaKit Voice Assistant — Push-to-Talk
2026-03-29 01:36:19,550 [INFO] assistant: ==================================================
2026-03-29 01:36:19,550 [INFO] assistant: [ASSISTANT] Loading Whisper model...
2026-03-29 01:36:21,816 [INFO] stt: [STT] Loading Whisper model: base.en
2026-03-29 01:36:23,284 [INFO] stt: [STT] Whisper model loaded.
2026-03-29 01:36:23,284 [INFO] assistant: [ASSISTANT] Whisper ready.
2026-03-29 01:36:23,284 [INFO] tts: [TTS] Speaking: 'CannaKit ready. Hold F12 and speak your command.'
2026-03-29 01:36:41,656 [INFO] assistant: ==================================================
2026-03-29 01:36:41,656 [INFO] assistant:   CannaKit Voice Assistant — Push-to-Talk
2026-03-29 01:36:41,656 [INFO] assistant: ==================================================
2026-03-29 01:36:41,656 [INFO] assistant: [ASSISTANT] Loading Whisper model...
2026-03-29 01:36:43,818 [INFO] stt: [STT] Loading Whisper model: base.en
2026-03-29 01:36:45,461 [INFO] stt: [STT] Whisper model loaded.
2026-03-29 01:36:45,465 [INFO] assistant: [ASSISTANT] Whisper ready.
2026-03-29 01:36:45,465 [INFO] tts: [TTS] Speaking: 'CannaKit ready. Hold F12 and speak your command.'
2026-03-29 01:37:05,685 [INFO] assistant: ==================================================
2026-03-29 01:37:05,686 [INFO] assistant:   CannaKit Voice Assistant — Push-to-Talk
2026-03-29 01:37:05,686 [INFO] assistant: ==================================================
2026-03-29 01:37:05,687 [INFO] assistant: [ASSISTANT] Loading Whisper model...
2026-03-29 01:37:08,447 [INFO] stt: [STT] Loading Whisper model: base.en
2026-03-29 01:37:09,955 [INFO] stt: [STT] Whisper model loaded.
2026-03-29 01:37:09,956 [INFO] assistant: [ASSISTANT] Whisper ready.
2026-03-29 01:37:09,956 [INFO] tts: [TTS] Speaking: 'CannaKit ready. Hold F12 and speak your command.'
2026-03-29 01:37:28,530 [INFO] assistant: ==================================================
2026-03-29 01:37:28,531 [INFO] assistant:   CannaKit Voice Assistant — Push-to-Talk
2026-03-29 01:37:28,531 [INFO] assistant: ==================================================
2026-03-29 01:37:28,531 [INFO] assistant: [ASSISTANT] Loading Whisper model...
2026-03-29 01:37:31,805 [INFO] stt: [STT] Loading Whisper model: base.en
2026-03-29 01:37:33,645 [INFO] stt: [STT] Whisper model loaded.
2026-03-29 01:37:33,646 [INFO] assistant: [ASSISTANT] Whisper ready.
2026-03-29 01:37:33,646 [INFO] tts: [TTS] Speaking: 'CannaKit ready. Hold F12 and speak your command.'
2026-03-29 01:38:05,557 [INFO] assistant: ==================================================
2026-03-29 01:38:05,557 [INFO] assistant:   CannaKit Voice Assistant — Push-to-Talk
2026-03-29 01:38:05,557 [INFO] assistant: ==================================================
2026-03-29 01:38:05,557 [INFO] assistant: [ASSISTANT] Loading Whisper model...
2026-03-29 01:38:07,742 [INFO] stt: [STT] Loading Whisper model: base.en
2026-03-29 01:38:09,185 [INFO] stt: [STT] Whisper model loaded.
2026-03-29 01:38:09,185 [INFO] assistant: [ASSISTANT] Whisper ready.
2026-03-29 01:38:09,185 [INFO] tts: [TTS] Speaking: 'CannaKit ready. Hold F12 and speak your command.'
2026-03-29 01:38:16,018 [INFO] assistant: [ASSISTANT] Listening for F12 keypress. Ctrl+C to quit.
2026-03-29 01:39:38,091 [INFO] assistant: ==================================================
2026-03-29 01:39:38,092 [INFO] assistant:   CannaKit Voice Assistant — Push-to-Talk
2026-03-29 01:39:38,093 [INFO] assistant: ==================================================
2026-03-29 01:39:38,093 [INFO] assistant: [ASSISTANT] Loading Whisper model...
2026-03-29 01:39:39,767 [INFO] stt: [STT] Loading Whisper model: base.en
2026-03-29 01:39:41,146 [INFO] stt: [STT] Whisper model loaded.
2026-03-29 01:39:41,146 [INFO] assistant: [ASSISTANT] Whisper ready.
2026-03-29 01:39:41,146 [INFO] tts: [TTS] Speaking: 'CannaKit ready. Hold F12 and speak your command.'
2026-03-29 01:39:47,437 [INFO] assistant: [ASSISTANT] Listening for F12 keypress. Ctrl+C to quit.
2026-03-29 01:39:49,569 [INFO] assistant: [STATE] → recording
2026-03-29 01:39:49,569 [INFO] assistant: [STATE] → recording
2026-03-29 01:39:49,570 [INFO] assistant: [PTT] Recording...
2026-03-29 01:39:49,570 [INFO] assistant: [PTT] Recording...
2026-03-29 01:39:49,851 [INFO] assistant: [PTT] Busy — ignoring keypress
2026-03-29 01:39:49,851 [INFO] assistant: [PTT] Busy — ignoring keypress
2026-03-29 01:39:49,891 [INFO] assistant: [PTT] Busy — ignoring keypress
2026-03-29 01:39:49,891 [INFO] assistant: [PTT] Busy — ignoring keypress
2026-03-29 01:39:49,931 [INFO] assistant: [PTT] Busy — ignoring keypress
2026-03-29 01:39:49,931 [INFO] assistant: [PTT] Busy — ignoring keypress
2026-03-29 01:39:49,971 [INFO] assistant: [PTT] Busy — ignoring keypress
2026-03-29 01:39:49,971 [INFO] assistant: [PTT] Busy — ignoring keypress
2026-03-29 01:39:50,011 [INFO] assistant: [PTT] Busy — ignoring keypress
2026-03-29 01:39:50,011 [INFO] assistant: [PTT] Busy — ignoring keypress
2026-03-29 01:39:50,051 [INFO] assistant: [PTT] Busy — ignoring keypress
2026-03-29 01:39:50,051 [INFO] assistant: [PTT] Busy — ignoring keypress
2026-03-29 01:39:50,091 [INFO] assistant: [PTT] Busy — ignoring keypress
2026-03-29 01:39:50,091 [INFO] assistant: [PTT] Busy — ignoring keypress
2026-03-29 01:39:50,131 [INFO] assistant: [PTT] Busy — ignoring keypress
2026-03-29 01:39:50,131 [INFO] assistant: [PTT] Busy — ignoring keypress
2026-03-29 01:39:50,171 [INFO] assistant: [PTT] Busy — ignoring keypress
2026-03-29 01:39:50,171 [INFO] assistant: [PTT] Busy — ignoring keypress
2026-03-29 01:39:50,211 [INFO] assistant: [PTT] Busy — ignoring keypress
2026-03-29 01:39:50,211 [INFO] assistant: [PTT] Busy — ignoring keypress
2026-03-29 01:39:50,251 [INFO] assistant: [PTT] Busy — ignoring keypress
2026-03-29 01:39:50,251 [INFO] assistant: [PTT] Busy — ignoring keypress
2026-03-29 01:39:50,291 [INFO] assistant: [PTT] Busy — ignoring keypress
2026-03-29 01:39:50,291 [INFO] assistant: [PTT] Busy — ignoring keypress
2026-03-29 01:39:50,332 [INFO] assistant: [PTT] Busy — ignoring keypress
2026-03-29 01:39:50,331 [INFO] assistant: [PTT] Busy — ignoring keypress
2026-03-29 01:39:50,371 [INFO] assistant: [PTT] Busy — ignoring keypress
2026-03-29 01:39:50,371 [INFO] assistant: [PTT] Busy — ignoring keypress
2026-03-29 01:39:50,411 [INFO] assistant: [PTT] Busy — ignoring keypress
2026-03-29 01:39:50,411 [INFO] assistant: [PTT] Busy — ignoring keypress
2026-03-29 01:39:50,451 [INFO] assistant: [PTT] Busy — ignoring keypress
2026-03-29 01:39:50,451 [INFO] assistant: [PTT] Busy — ignoring keypress
2026-03-29 01:39:50,491 [INFO] assistant: [PTT] Busy — ignoring keypress
2026-03-29 01:39:50,491 [INFO] assistant: [PTT] Busy — ignoring keypress
2026-03-29 01:39:50,531 [INFO] assistant: [PTT] Busy — ignoring keypress
2026-03-29 01:39:50,531 [INFO] assistant: [PTT] Busy — ignoring keypress
2026-03-29 01:39:50,571 [INFO] assistant: [PTT] Busy — ignoring keypress
2026-03-29 01:39:50,571 [INFO] assistant: [PTT] Busy — ignoring keypress
2026-03-29 01:39:50,611 [INFO] assistant: [PTT] Busy — ignoring keypress
2026-03-29 01:39:50,611 [INFO] assistant: [PTT] Busy — ignoring keypress
2026-03-29 01:39:50,651 [INFO] assistant: [PTT] Busy — ignoring keypress
2026-03-29 01:39:50,651 [INFO] assistant: [PTT] Busy — ignoring keypress
2026-03-29 01:39:50,691 [INFO] assistant: [PTT] Busy — ignoring keypress
2026-03-29 01:39:50,691 [INFO] assistant: [PTT] Busy — ignoring keypress
2026-03-29 01:39:50,731 [INFO] assistant: [PTT] Busy — ignoring keypress
2026-03-29 01:39:50,731 [INFO] assistant: [PTT] Busy — ignoring keypress
2026-03-29 01:39:50,771 [INFO] assistant: [PTT] Busy — ignoring keypress
2026-03-29 01:39:50,771 [INFO] assistant: [PTT] Busy — ignoring keypress
2026-03-29 01:39:50,811 [INFO] assistant: [PTT] Busy — ignoring keypress
2026-03-29 01:39:50,811 [INFO] assistant: [PTT] Busy — ignoring keypress
2026-03-29 01:39:50,851 [INFO] assistant: [PTT] Busy — ignoring keypress
2026-03-29 01:39:50,851 [INFO] assistant: [PTT] Busy — ignoring keypress
2026-03-29 01:39:50,891 [INFO] assistant: [PTT] Busy — ignoring keypress
2026-03-29 01:39:50,891 [INFO] assistant: [PTT] Busy — ignoring keypress
2026-03-29 01:39:50,931 [INFO] assistant: [PTT] Busy — ignoring keypress
2026-03-29 01:39:50,931 [INFO] assistant: [PTT] Busy — ignoring keypress
2026-03-29 01:39:50,971 [INFO] assistant: [PTT] Busy — ignoring keypress
2026-03-29 01:39:50,973 [INFO] assistant: [PTT] Busy — ignoring keypress
2026-03-29 01:39:51,011 [INFO] assistant: [PTT] Busy — ignoring keypress
2026-03-29 01:39:51,011 [INFO] assistant: [PTT] Busy — ignoring keypress
2026-03-29 01:39:51,051 [INFO] assistant: [PTT] Busy — ignoring keypress
2026-03-29 01:39:51,052 [INFO] assistant: [PTT] Busy — ignoring keypress
2026-03-29 01:39:51,091 [INFO] assistant: [PTT] Busy — ignoring keypress
2026-03-29 01:39:51,091 [INFO] assistant: [PTT] Busy — ignoring keypress
2026-03-29 01:39:51,131 [INFO] assistant: [PTT] Busy — ignoring keypress
2026-03-29 01:39:51,131 [INFO] assistant: [PTT] Busy — ignoring keypress
2026-03-29 01:39:51,171 [INFO] assistant: [PTT] Busy — ignoring keypress
2026-03-29 01:39:51,171 [INFO] assistant: [PTT] Busy — ignoring keypress
2026-03-29 01:39:51,211 [INFO] assistant: [PTT] Busy — ignoring keypress
2026-03-29 01:39:51,211 [INFO] assistant: [PTT] Busy — ignoring keypress
2026-03-29 01:39:51,255 [INFO] assistant: [PTT] Busy — ignoring keypress
2026-03-29 01:39:51,255 [INFO] assistant: [PTT] Busy — ignoring keypress
2026-03-29 01:39:51,295 [INFO] assistant: [PTT] Busy — ignoring keypress
2026-03-29 01:39:51,295 [INFO] assistant: [PTT] Busy — ignoring keypress
2026-03-29 01:39:51,335 [INFO] assistant: [PTT] Busy — ignoring keypress
2026-03-29 01:39:51,335 [INFO] assistant: [PTT] Busy — ignoring keypress
2026-03-29 01:39:51,375 [INFO] assistant: [PTT] Busy — ignoring keypress
2026-03-29 01:39:51,375 [INFO] assistant: [PTT] Busy — ignoring keypress
2026-03-29 01:39:51,415 [INFO] assistant: [PTT] Busy — ignoring keypress
2026-03-29 01:39:51,415 [INFO] assistant: [PTT] Busy — ignoring keypress
2026-03-29 01:39:51,455 [INFO] assistant: [PTT] Busy — ignoring keypress
2026-03-29 01:39:51,455 [INFO] assistant: [PTT] Busy — ignoring keypress
2026-03-29 01:39:51,495 [INFO] assistant: [PTT] Busy — ignoring keypress
2026-03-29 01:39:51,495 [INFO] assistant: [PTT] Busy — ignoring keypress
2026-03-29 01:39:51,535 [INFO] assistant: [PTT] Busy — ignoring keypress
2026-03-29 01:39:51,535 [INFO] assistant: [PTT] Busy — ignoring keypress
2026-03-29 01:39:51,575 [INFO] assistant: [PTT] Busy — ignoring keypress
2026-03-29 01:39:51,575 [INFO] assistant: [PTT] Busy — ignoring keypress
2026-03-29 01:39:51,615 [INFO] assistant: [PTT] Busy — ignoring keypress
2026-03-29 01:39:51,615 [INFO] assistant: [PTT] Busy — ignoring keypress
2026-03-29 01:39:51,655 [INFO] assistant: [PTT] Busy — ignoring keypress
2026-03-29 01:39:51,655 [INFO] assistant: [PTT] Busy — ignoring keypress
2026-03-29 01:39:51,695 [INFO] assistant: [PTT] Busy — ignoring keypress
2026-03-29 01:39:51,695 [INFO] assistant: [PTT] Busy — ignoring keypress
2026-03-29 01:39:51,735 [INFO] assistant: [PTT] Busy — ignoring keypress
2026-03-29 01:39:51,735 [INFO] assistant: [PTT] Busy — ignoring keypress
2026-03-29 01:39:51,775 [INFO] assistant: [PTT] Busy — ignoring keypress
2026-03-29 01:39:51,775 [INFO] assistant: [PTT] Busy — ignoring keypress
2026-03-29 01:39:51,815 [INFO] assistant: [PTT] Busy — ignoring keypress
2026-03-29 01:39:51,815 [INFO] assistant: [PTT] Busy — ignoring keypress
2026-03-29 01:39:51,855 [INFO] assistant: [PTT] Busy — ignoring keypress
2026-03-29 01:39:51,855 [INFO] assistant: [PTT] Busy — ignoring keypress
2026-03-29 01:39:51,895 [INFO] assistant: [PTT] Busy — ignoring keypress
2026-03-29 01:39:51,895 [INFO] assistant: [PTT] Busy — ignoring keypress
2026-03-29 01:39:51,935 [INFO] assistant: [PTT] Busy — ignoring keypress
2026-03-29 01:39:51,935 [INFO] assistant: [PTT] Busy — ignoring keypress
2026-03-29 01:39:52,281 [INFO] assistant: [PTT] Recorded 2.7s
2026-03-29 01:39:52,281 [INFO] assistant: [STATE] → processing
2026-03-29 01:39:52,281 [INFO] tts: [TTS] Speaking: 'Processing...'
2026-03-29 01:39:52,288 [INFO] assistant: [PTT] Recorded 2.7s
2026-03-29 01:39:52,288 [INFO] assistant: [STATE] → processing
2026-03-29 01:39:52,288 [INFO] tts: [TTS] Speaking: 'Processing...'
2026-03-29 01:39:56,635 [INFO] stt: [STT] Transcribing...
2026-03-29 01:39:56,636 [INFO] stt: [STT] Transcribing...
2026-03-29 01:40:05,544 [INFO] stt: [STT] Transcribed: 'What is the weather today?'
2026-03-29 01:40:05,545 [INFO] assistant: [PTT] Command: 'What is the weather today?'
2026-03-29 01:40:05,546 [INFO] assistant: [PTT] Response: "I heard you say: What is the weather today?. I'm not sure how to help with that yet."
2026-03-29 01:40:05,546 [INFO] assistant: [STATE] → speaking
2026-03-29 01:40:05,547 [INFO] tts: [TTS] Speaking: "I heard you say: What is the weather today?. I'm not sure how to help with that yet."
2026-03-29 01:40:05,882 [INFO] stt: [STT] Transcribed: 'What is the weather today?'
2026-03-29 01:40:05,882 [INFO] assistant: [PTT] Command: 'What is the weather today?'
2026-03-29 01:40:05,882 [INFO] assistant: [PTT] Response: "I heard you say: What is the weather today?. I'm not sure how to help with that yet."
2026-03-29 01:40:05,882 [INFO] assistant: [STATE] → speaking
2026-03-29 01:40:05,882 [INFO] tts: [TTS] Speaking: "I heard you say: What is the weather today?. I'm not sure how to help with that yet."
2026-03-29 01:40:15,355 [INFO] assistant: [STATE] → idle
2026-03-29 01:40:15,355 [INFO] assistant: [STATE] → idle
2026-03-29 01:40:15,356 [INFO] assistant: [PTT] Ready — press F12 to speak.
2026-03-29 01:40:15,357 [INFO] assistant: [PTT] Ready — press F12 to speak.
2026-03-29 01:40:27,498 [INFO] assistant: [ASSISTANT] Shutting down...
2026-03-29 01:40:27,499 [INFO] tts: [TTS] Speaking: 'Goodbye.'
2026-03-29 01:40:50,751 [INFO] assistant: ==================================================
2026-03-29 01:40:50,751 [INFO] assistant:   CannaKit Voice Assistant — Push-to-Talk
2026-03-29 01:40:50,751 [INFO] assistant: ==================================================
2026-03-29 01:40:50,751 [INFO] assistant: [ASSISTANT] Loading Whisper model...
2026-03-29 01:40:52,654 [INFO] stt: [STT] Loading Whisper model: base.en
2026-03-29 01:40:54,013 [INFO] stt: [STT] Whisper model loaded.
2026-03-29 01:40:54,013 [INFO] assistant: [ASSISTANT] Whisper ready.
2026-03-29 01:40:54,013 [INFO] tts: [TTS] Speaking: 'CannaKit ready. Hold F12 and speak your command.'
2026-03-29 01:41:00,112 [INFO] assistant: [ASSISTANT] Listening for F12 keypress. Ctrl+C to quit.
2026-03-29 01:41:01,669 [INFO] assistant: [STATE] → recording
2026-03-29 01:41:01,669 [INFO] assistant: [PTT] Recording...
2026-03-29 01:41:01,947 [INFO] assistant: [PTT] Busy — ignoring keypress
2026-03-29 01:41:01,987 [INFO] assistant: [PTT] Busy — ignoring keypress
2026-03-29 01:41:02,027 [INFO] assistant: [PTT] Busy — ignoring keypress
2026-03-29 01:41:02,067 [INFO] assistant: [PTT] Busy — ignoring keypress
2026-03-29 01:41:02,107 [INFO] assistant: [PTT] Busy — ignoring keypress
2026-03-29 01:41:02,147 [INFO] assistant: [PTT] Busy — ignoring keypress
2026-03-29 01:41:02,187 [INFO] assistant: [PTT] Busy — ignoring keypress
2026-03-29 01:41:02,227 [INFO] assistant: [PTT] Busy — ignoring keypress
2026-03-29 01:41:02,267 [INFO] assistant: [PTT] Busy — ignoring keypress
2026-03-29 01:41:02,307 [INFO] assistant: [PTT] Busy — ignoring keypress
2026-03-29 01:41:02,347 [INFO] assistant: [PTT] Busy — ignoring keypress
2026-03-29 01:41:02,387 [INFO] assistant: [PTT] Busy — ignoring keypress
2026-03-29 01:41:02,427 [INFO] assistant: [PTT] Busy — ignoring keypress
2026-03-29 01:41:02,467 [INFO] assistant: [PTT] Busy — ignoring keypress
2026-03-29 01:41:02,507 [INFO] assistant: [PTT] Busy — ignoring keypress
2026-03-29 01:41:02,547 [INFO] assistant: [PTT] Busy — ignoring keypress
2026-03-29 01:41:02,587 [INFO] assistant: [PTT] Busy — ignoring keypress
2026-03-29 01:41:02,627 [INFO] assistant: [PTT] Busy — ignoring keypress
2026-03-29 01:41:02,671 [INFO] assistant: [PTT] Busy — ignoring keypress
2026-03-29 01:41:02,712 [INFO] assistant: [PTT] Busy — ignoring keypress
2026-03-29 01:41:02,751 [INFO] assistant: [PTT] Busy — ignoring keypress
2026-03-29 01:41:02,791 [INFO] assistant: [PTT] Busy — ignoring keypress
2026-03-29 01:41:02,831 [INFO] assistant: [PTT] Busy — ignoring keypress
2026-03-29 01:41:02,871 [INFO] assistant: [PTT] Busy — ignoring keypress
2026-03-29 01:41:02,912 [INFO] assistant: [PTT] Busy — ignoring keypress
2026-03-29 01:41:02,951 [INFO] assistant: [PTT] Busy — ignoring keypress
2026-03-29 01:41:02,995 [INFO] assistant: [PTT] Busy — ignoring keypress
2026-03-29 01:41:03,035 [INFO] assistant: [PTT] Busy — ignoring keypress
2026-03-29 01:41:03,075 [INFO] assistant: [PTT] Busy — ignoring keypress
2026-03-29 01:41:03,115 [INFO] assistant: [PTT] Busy — ignoring keypress
2026-03-29 01:41:03,155 [INFO] assistant: [PTT] Busy — ignoring keypress
2026-03-29 01:41:03,195 [INFO] assistant: [PTT] Busy — ignoring keypress
2026-03-29 01:41:03,235 [INFO] assistant: [PTT] Busy — ignoring keypress
2026-03-29 01:41:03,275 [INFO] assistant: [PTT] Busy — ignoring keypress
2026-03-29 01:41:03,315 [INFO] assistant: [PTT] Busy — ignoring keypress
2026-03-29 01:41:03,355 [INFO] assistant: [PTT] Busy — ignoring keypress
2026-03-29 01:41:03,395 [INFO] assistant: [PTT] Busy — ignoring keypress
2026-03-29 01:41:03,439 [INFO] assistant: [PTT] Busy — ignoring keypress
2026-03-29 01:41:03,483 [INFO] assistant: [PTT] Busy — ignoring keypress
2026-03-29 01:41:03,523 [INFO] assistant: [PTT] Busy — ignoring keypress
2026-03-29 01:41:03,563 [INFO] assistant: [PTT] Busy — ignoring keypress
2026-03-29 01:41:03,930 [INFO] assistant: [PTT] Recorded 2.3s
2026-03-29 01:41:03,931 [INFO] assistant: [STATE] → processing
2026-03-29 01:41:03,931 [INFO] tts: [TTS] Speaking: 'Processing...'
2026-03-29 01:41:07,718 [INFO] stt: [STT] Transcribing...
2026-03-29 01:41:11,840 [INFO] stt: [STT] Transcribed: 'What is the weather today?'
2026-03-29 01:41:11,840 [INFO] assistant: [PTT] Command: 'What is the weather today?'
2026-03-29 01:41:11,840 [INFO] assistant: [PTT] Response: "I heard you say: What is the weather today?. I'm not sure how to help with that yet."
2026-03-29 01:41:11,840 [INFO] assistant: [STATE] → speaking
2026-03-29 01:41:11,840 [INFO] tts: [TTS] Speaking: "I heard you say: What is the weather today?. I'm not sure how to help with that yet."
2026-03-29 01:41:20,006 [INFO] assistant: [STATE] → idle
2026-03-29 01:41:20,007 [INFO] assistant: [PTT] Ready — press F12 to speak.
2026-03-29 01:43:45,914 [INFO] assistant: ==================================================
2026-03-29 01:43:45,914 [INFO] assistant:   CannaKit Voice Assistant — Push-to-Talk
2026-03-29 01:43:45,914 [INFO] assistant: ==================================================
2026-03-29 01:43:45,914 [INFO] assistant: [ASSISTANT] Loading Whisper model...
2026-03-29 01:43:48,072 [INFO] stt: [STT] Loading Whisper model: base.en
2026-03-29 01:43:49,552 [INFO] stt: [STT] Whisper model loaded.
2026-03-29 01:43:49,553 [INFO] assistant: [ASSISTANT] Whisper ready.
2026-03-29 01:43:49,553 [INFO] tts: [TTS] Speaking: 'CannaKit ready. Hold F12 and speak your command.'
2026-03-29 01:43:56,683 [INFO] assistant: [ASSISTANT] Listening for F12 keypress. Ctrl+C to quit.
2026-03-29 01:43:57,164 [INFO] assistant: [ASSISTANT] Shutting down...
2026-03-29 01:43:57,164 [INFO] tts: [TTS] Speaking: 'Goodbye.'
2026-03-29 01:44:26,115 [INFO] assistant: ==================================================
2026-03-29 01:44:26,115 [INFO] assistant:   CannaKit Voice Assistant — Push-to-Talk
2026-03-29 01:44:26,116 [INFO] assistant: ==================================================
2026-03-29 01:44:26,116 [INFO] assistant: [ASSISTANT] Loading Whisper model...
2026-03-29 01:44:28,373 [INFO] stt: [STT] Loading Whisper model: base.en
2026-03-29 01:44:29,816 [INFO] stt: [STT] Whisper model loaded.
2026-03-29 01:44:29,817 [INFO] assistant: [ASSISTANT] Whisper ready.
2026-03-29 01:44:29,817 [INFO] tts: [TTS] Speaking: 'CannaKit ready. Hold F12 and speak your command.'
2026-03-29 01:44:36,543 [INFO] assistant: [ASSISTANT] Listening for F12 keypress. Ctrl+C to quit.
2026-03-29 01:44:42,696 [INFO] assistant: [STATE] → recording
2026-03-29 01:44:42,696 [INFO] assistant: [PTT] Recording...
2026-03-29 01:44:42,971 [INFO] assistant: [PTT] Busy — ignoring keypress
2026-03-29 01:44:43,011 [INFO] assistant: [PTT] Busy — ignoring keypress
2026-03-29 01:44:43,051 [INFO] assistant: [PTT] Busy — ignoring keypress
2026-03-29 01:44:43,091 [INFO] assistant: [PTT] Busy — ignoring keypress
2026-03-29 01:44:43,131 [INFO] assistant: [PTT] Busy — ignoring keypress
2026-03-29 01:44:43,171 [INFO] assistant: [PTT] Busy — ignoring keypress
2026-03-29 01:44:43,215 [INFO] assistant: [PTT] Busy — ignoring keypress
2026-03-29 01:44:43,259 [INFO] assistant: [PTT] Busy — ignoring keypress
2026-03-29 01:44:43,303 [INFO] assistant: [PTT] Busy — ignoring keypress
2026-03-29 01:44:43,343 [INFO] assistant: [PTT] Busy — ignoring keypress
2026-03-29 01:44:43,387 [INFO] assistant: [PTT] Busy — ignoring keypress
2026-03-29 01:44:43,427 [INFO] assistant: [PTT] Busy — ignoring keypress
2026-03-29 01:44:43,467 [INFO] assistant: [PTT] Busy — ignoring keypress
2026-03-29 01:44:43,507 [INFO] assistant: [PTT] Busy — ignoring keypress
2026-03-29 01:44:43,547 [INFO] assistant: [PTT] Busy — ignoring keypress
2026-03-29 01:44:43,587 [INFO] assistant: [PTT] Busy — ignoring keypress
2026-03-29 01:44:43,628 [INFO] assistant: [PTT] Busy — ignoring keypress
2026-03-29 01:44:43,667 [INFO] assistant: [PTT] Busy — ignoring keypress
2026-03-29 01:44:43,707 [INFO] assistant: [PTT] Busy — ignoring keypress
2026-03-29 01:44:43,751 [INFO] assistant: [PTT] Busy — ignoring keypress
2026-03-29 01:44:43,791 [INFO] assistant: [PTT] Busy — ignoring keypress
2026-03-29 01:44:43,831 [INFO] assistant: [PTT] Busy — ignoring keypress
2026-03-29 01:44:43,871 [INFO] assistant: [PTT] Busy — ignoring keypress
2026-03-29 01:44:43,911 [INFO] assistant: [PTT] Busy — ignoring keypress
2026-03-29 01:44:43,955 [INFO] assistant: [PTT] Busy — ignoring keypress
2026-03-29 01:44:43,995 [INFO] assistant: [PTT] Busy — ignoring keypress
2026-03-29 01:44:44,035 [INFO] assistant: [PTT] Busy — ignoring keypress
2026-03-29 01:44:44,076 [INFO] assistant: [PTT] Busy — ignoring keypress
2026-03-29 01:44:44,119 [INFO] assistant: [PTT] Busy — ignoring keypress
2026-03-29 01:44:44,159 [INFO] assistant: [PTT] Busy — ignoring keypress
2026-03-29 01:44:44,199 [INFO] assistant: [PTT] Busy — ignoring keypress
2026-03-29 01:44:44,239 [INFO] assistant: [PTT] Busy — ignoring keypress
2026-03-29 01:44:44,279 [INFO] assistant: [PTT] Busy — ignoring keypress
2026-03-29 01:44:44,319 [INFO] assistant: [PTT] Busy — ignoring keypress
2026-03-29 01:44:44,359 [INFO] assistant: [PTT] Busy — ignoring keypress
2026-03-29 01:44:44,399 [INFO] assistant: [PTT] Busy — ignoring keypress
2026-03-29 01:44:44,439 [INFO] assistant: [PTT] Busy — ignoring keypress
2026-03-29 01:44:44,483 [INFO] assistant: [PTT] Busy — ignoring keypress
2026-03-29 01:44:44,527 [INFO] assistant: [PTT] Busy — ignoring keypress
2026-03-29 01:44:44,571 [INFO] assistant: [PTT] Busy — ignoring keypress
2026-03-29 01:44:44,611 [INFO] assistant: [PTT] Busy — ignoring keypress
2026-03-29 01:44:44,655 [INFO] assistant: [PTT] Busy — ignoring keypress
2026-03-29 01:44:44,695 [INFO] assistant: [PTT] Busy — ignoring keypress
2026-03-29 01:44:44,735 [INFO] assistant: [PTT] Busy — ignoring keypress
2026-03-29 01:44:44,779 [INFO] assistant: [PTT] Busy — ignoring keypress
2026-03-29 01:44:44,823 [INFO] assistant: [PTT] Busy — ignoring keypress
2026-03-29 01:44:44,867 [INFO] assistant: [PTT] Busy — ignoring keypress
2026-03-29 01:44:44,907 [INFO] assistant: [PTT] Busy — ignoring keypress
2026-03-29 01:44:44,947 [INFO] assistant: [PTT] Busy — ignoring keypress
2026-03-29 01:44:44,987 [INFO] assistant: [PTT] Busy — ignoring keypress
2026-03-29 01:44:45,027 [INFO] assistant: [PTT] Busy — ignoring keypress
2026-03-29 01:44:45,067 [INFO] assistant: [PTT] Busy — ignoring keypress
2026-03-29 01:44:45,107 [INFO] assistant: [PTT] Busy — ignoring keypress
2026-03-29 01:44:45,147 [INFO] assistant: [PTT] Busy — ignoring keypress
2026-03-29 01:44:45,187 [INFO] assistant: [PTT] Busy — ignoring keypress
2026-03-29 01:44:45,227 [INFO] assistant: [PTT] Busy — ignoring keypress
2026-03-29 01:44:45,267 [INFO] assistant: [PTT] Busy — ignoring keypress
2026-03-29 01:44:45,307 [INFO] assistant: [PTT] Busy — ignoring keypress
2026-03-29 01:44:45,347 [INFO] assistant: [PTT] Busy — ignoring keypress
2026-03-29 01:44:45,387 [INFO] assistant: [PTT] Busy — ignoring keypress
2026-03-29 01:44:45,431 [INFO] assistant: [PTT] Busy — ignoring keypress
2026-03-29 01:44:45,475 [INFO] assistant: [PTT] Busy — ignoring keypress
2026-03-29 01:44:45,519 [INFO] assistant: [PTT] Busy — ignoring keypress
2026-03-29 01:44:45,560 [INFO] assistant: [PTT] Busy — ignoring keypress
2026-03-29 01:44:45,603 [INFO] assistant: [PTT] Busy — ignoring keypress
2026-03-29 01:44:45,647 [INFO] assistant: [PTT] Busy — ignoring keypress
2026-03-29 01:44:46,020 [INFO] assistant: [PTT] Recorded 3.3s
2026-03-29 01:44:46,020 [INFO] assistant: [STATE] → processing
2026-03-29 01:44:46,020 [INFO] tts: [TTS] Speaking: 'Processing...'
2026-03-29 01:44:50,255 [INFO] stt: [STT] Transcribing...
2026-03-29 01:44:55,102 [INFO] stt: [STT] Transcribed: 'Find the resume.'
2026-03-29 01:44:55,103 [INFO] assistant: [PTT] Command: 'Find the resume.'
2026-03-29 01:44:55,103 [INFO] assistant: [PTT] Response: "I heard you say: Find the resume.. I'm not sure how to help with that yet."
2026-03-29 01:44:55,103 [INFO] assistant: [STATE] → speaking
2026-03-29 01:44:55,103 [INFO] tts: [TTS] Speaking: "I heard you say: Find the resume.. I'm not sure how to help with that yet."
2026-03-29 01:45:04,165 [INFO] assistant: [STATE] → idle
2026-03-29 01:45:04,165 [INFO] assistant: [PTT] Ready — press F12 to speak.
2026-03-29 01:47:55,219 [INFO] assistant: ==================================================
2026-03-29 01:47:55,219 [INFO] assistant:   CannaKit Voice Assistant — Push-to-Talk
2026-03-29 01:47:55,219 [INFO] assistant: ==================================================
2026-03-29 01:47:55,219 [INFO] assistant: [ASSISTANT] Loading Whisper model...
2026-03-29 01:47:56,928 [INFO] stt: [STT] Loading Whisper model: base.en
2026-03-29 01:47:58,325 [INFO] stt: [STT] Whisper model loaded.
2026-03-29 01:47:58,325 [INFO] assistant: [ASSISTANT] Whisper ready.
2026-03-29 01:47:58,325 [INFO] tts: [TTS] Speaking: 'CannaKit ready. Hold F12 and speak your command.'
2026-03-29 01:48:04,369 [INFO] assistant: [ASSISTANT] Listening for F12 keypress. Ctrl+C to quit.
2026-03-29 01:48:07,119 [INFO] assistant: [STATE] → recording
2026-03-29 01:48:07,120 [INFO] assistant: [PTT] Recording...
2026-03-29 01:48:07,120 [INFO] assistant: [STATE] → recording
2026-03-29 01:48:07,120 [INFO] assistant: [PTT] Recording...
2026-03-29 01:48:07,375 [INFO] assistant: [PTT] Busy — ignoring keypress
2026-03-29 01:48:07,375 [INFO] assistant: [PTT] Busy — ignoring keypress
2026-03-29 01:48:07,415 [INFO] assistant: [PTT] Busy — ignoring keypress
2026-03-29 01:48:07,415 [INFO] assistant: [PTT] Busy — ignoring keypress
2026-03-29 01:48:07,455 [INFO] assistant: [PTT] Busy — ignoring keypress
2026-03-29 01:48:07,455 [INFO] assistant: [PTT] Busy — ignoring keypress
2026-03-29 01:48:07,495 [INFO] assistant: [PTT] Busy — ignoring keypress
2026-03-29 01:48:07,495 [INFO] assistant: [PTT] Busy — ignoring keypress
2026-03-29 01:48:07,535 [INFO] assistant: [PTT] Busy — ignoring keypress
2026-03-29 01:48:07,535 [INFO] assistant: [PTT] Busy — ignoring keypress
2026-03-29 01:48:07,575 [INFO] assistant: [PTT] Busy — ignoring keypress
2026-03-29 01:48:07,575 [INFO] assistant: [PTT] Busy — ignoring keypress
2026-03-29 01:48:07,615 [INFO] assistant: [PTT] Busy — ignoring keypress
2026-03-29 01:48:07,615 [INFO] assistant: [PTT] Busy — ignoring keypress
2026-03-29 01:48:07,655 [INFO] assistant: [PTT] Busy — ignoring keypress
2026-03-29 01:48:07,655 [INFO] assistant: [PTT] Busy — ignoring keypress
2026-03-29 01:48:07,695 [INFO] assistant: [PTT] Busy — ignoring keypress
2026-03-29 01:48:07,695 [INFO] assistant: [PTT] Busy — ignoring keypress
2026-03-29 01:48:07,735 [INFO] assistant: [PTT] Busy — ignoring keypress
2026-03-29 01:48:07,735 [INFO] assistant: [PTT] Busy — ignoring keypress
2026-03-29 01:48:07,775 [INFO] assistant: [PTT] Busy — ignoring keypress
2026-03-29 01:48:07,775 [INFO] assistant: [PTT] Busy — ignoring keypress
2026-03-29 01:48:07,815 [INFO] assistant: [PTT] Busy — ignoring keypress
2026-03-29 01:48:07,815 [INFO] assistant: [PTT] Busy — ignoring keypress
2026-03-29 01:48:07,855 [INFO] assistant: [PTT] Busy — ignoring keypress
2026-03-29 01:48:07,855 [INFO] assistant: [PTT] Busy — ignoring keypress
2026-03-29 01:48:07,895 [INFO] assistant: [PTT] Busy — ignoring keypress
2026-03-29 01:48:07,895 [INFO] assistant: [PTT] Busy — ignoring keypress
2026-03-29 01:48:07,935 [INFO] assistant: [PTT] Busy — ignoring keypress
2026-03-29 01:48:07,935 [INFO] assistant: [PTT] Busy — ignoring keypress
2026-03-29 01:48:07,975 [INFO] assistant: [PTT] Busy — ignoring keypress
2026-03-29 01:48:07,975 [INFO] assistant: [PTT] Busy — ignoring keypress
2026-03-29 01:48:08,015 [INFO] assistant: [PTT] Busy — ignoring keypress
2026-03-29 01:48:08,015 [INFO] assistant: [PTT] Busy — ignoring keypress
2026-03-29 01:48:08,055 [INFO] assistant: [PTT] Busy — ignoring keypress
2026-03-29 01:48:08,055 [INFO] assistant: [PTT] Busy — ignoring keypress
2026-03-29 01:48:08,095 [INFO] assistant: [PTT] Busy — ignoring keypress
2026-03-29 01:48:08,095 [INFO] assistant: [PTT] Busy — ignoring keypress
2026-03-29 01:48:08,135 [INFO] assistant: [PTT] Busy — ignoring keypress
2026-03-29 01:48:08,135 [INFO] assistant: [PTT] Busy — ignoring keypress
2026-03-29 01:48:08,175 [INFO] assistant: [PTT] Busy — ignoring keypress
2026-03-29 01:48:08,175 [INFO] assistant: [PTT] Busy — ignoring keypress
2026-03-29 01:48:08,215 [INFO] assistant: [PTT] Busy — ignoring keypress
2026-03-29 01:48:08,215 [INFO] assistant: [PTT] Busy — ignoring keypress
2026-03-29 01:48:08,255 [INFO] assistant: [PTT] Busy — ignoring keypress
2026-03-29 01:48:08,255 [INFO] assistant: [PTT] Busy — ignoring keypress
2026-03-29 01:48:08,295 [INFO] assistant: [PTT] Busy — ignoring keypress
2026-03-29 01:48:08,295 [INFO] assistant: [PTT] Busy — ignoring keypress
2026-03-29 01:48:08,335 [INFO] assistant: [PTT] Busy — ignoring keypress
2026-03-29 01:48:08,335 [INFO] assistant: [PTT] Busy — ignoring keypress
2026-03-29 01:48:08,375 [INFO] assistant: [PTT] Busy — ignoring keypress
2026-03-29 01:48:08,375 [INFO] assistant: [PTT] Busy — ignoring keypress
2026-03-29 01:48:08,415 [INFO] assistant: [PTT] Busy — ignoring keypress
2026-03-29 01:48:08,415 [INFO] assistant: [PTT] Busy — ignoring keypress
2026-03-29 01:48:08,455 [INFO] assistant: [PTT] Busy — ignoring keypress
2026-03-29 01:48:08,455 [INFO] assistant: [PTT] Busy — ignoring keypress
2026-03-29 01:48:08,495 [INFO] assistant: [PTT] Busy — ignoring keypress
2026-03-29 01:48:08,495 [INFO] assistant: [PTT] Busy — ignoring keypress
2026-03-29 01:48:08,535 [INFO] assistant: [PTT] Busy — ignoring keypress
2026-03-29 01:48:08,535 [INFO] assistant: [PTT] Busy — ignoring keypress
2026-03-29 01:48:08,579 [INFO] assistant: [PTT] Busy — ignoring keypress
2026-03-29 01:48:08,579 [INFO] assistant: [PTT] Busy — ignoring keypress
2026-03-29 01:48:08,619 [INFO] assistant: [PTT] Busy — ignoring keypress
2026-03-29 01:48:08,619 [INFO] assistant: [PTT] Busy — ignoring keypress
2026-03-29 01:48:08,659 [INFO] assistant: [PTT] Busy — ignoring keypress
2026-03-29 01:48:08,659 [INFO] assistant: [PTT] Busy — ignoring keypress
2026-03-29 01:48:08,699 [INFO] assistant: [PTT] Busy — ignoring keypress
2026-03-29 01:48:08,699 [INFO] assistant: [PTT] Busy — ignoring keypress
2026-03-29 01:48:08,739 [INFO] assistant: [PTT] Busy — ignoring keypress
2026-03-29 01:48:08,739 [INFO] assistant: [PTT] Busy — ignoring keypress
2026-03-29 01:48:08,779 [INFO] assistant: [PTT] Busy — ignoring keypress
2026-03-29 01:48:08,779 [INFO] assistant: [PTT] Busy — ignoring keypress
2026-03-29 01:48:08,819 [INFO] assistant: [PTT] Busy — ignoring keypress
2026-03-29 01:48:08,819 [INFO] assistant: [PTT] Busy — ignoring keypress
2026-03-29 01:48:08,859 [INFO] assistant: [PTT] Busy — ignoring keypress
2026-03-29 01:48:08,859 [INFO] assistant: [PTT] Busy — ignoring keypress
2026-03-29 01:48:08,899 [INFO] assistant: [PTT] Busy — ignoring keypress
2026-03-29 01:48:08,899 [INFO] assistant: [PTT] Busy — ignoring keypress
2026-03-29 01:48:08,939 [INFO] assistant: [PTT] Busy — ignoring keypress
2026-03-29 01:48:08,939 [INFO] assistant: [PTT] Busy — ignoring keypress
2026-03-29 01:48:09,286 [INFO] assistant: [PTT] Recorded 2.2s
2026-03-29 01:48:09,286 [INFO] assistant: [STATE] → processing
2026-03-29 01:48:09,286 [INFO] tts: [TTS] Speaking: 'Processing...'
2026-03-29 01:48:09,291 [INFO] assistant: [PTT] Recorded 2.2s
2026-03-29 01:48:09,291 [INFO] assistant: [STATE] → processing
2026-03-29 01:48:09,291 [INFO] tts: [TTS] Speaking: 'Processing...'
2026-03-29 01:48:13,644 [INFO] stt: [STT] Transcribing...
2026-03-29 01:48:13,768 [INFO] stt: [STT] Transcribing...
2026-03-29 01:48:22,766 [INFO] stt: [STT] Transcribed: 'What is the weather today?'
2026-03-29 01:48:22,767 [INFO] assistant: [PTT] Command: 'What is the weather today?'
2026-03-29 01:48:22,768 [INFO] assistant: [PTT] Response: "I heard you say: What is the weather today?. I'm not sure how to help with that yet."
2026-03-29 01:48:22,768 [INFO] assistant: [STATE] → speaking
2026-03-29 01:48:22,768 [INFO] tts: [TTS] Speaking: "I heard you say: What is the weather today?. I'm not sure how to help with that yet."
2026-03-29 01:48:22,979 [INFO] stt: [STT] Transcribed: 'What is the weather today?'
2026-03-29 01:48:22,979 [INFO] assistant: [PTT] Command: 'What is the weather today?'
2026-03-29 01:48:22,979 [INFO] assistant: [PTT] Response: "I heard you say: What is the weather today?. I'm not sure how to help with that yet."
2026-03-29 01:48:22,979 [INFO] assistant: [STATE] → speaking
2026-03-29 01:48:22,980 [INFO] tts: [TTS] Speaking: "I heard you say: What is the weather today?. I'm not sure how to help with that yet."
2026-03-29 01:48:32,849 [INFO] assistant: [STATE] → idle
2026-03-29 01:48:32,849 [INFO] assistant: [PTT] Ready — press F12 to speak.
2026-03-29 01:48:32,979 [INFO] assistant: [STATE] → idle
2026-03-29 01:48:32,979 [INFO] assistant: [PTT] Ready — press F12 to speak.
2026-03-29 01:48:38,945 [INFO] assistant: [ASSISTANT] Shutting down...
2026-03-29 01:48:38,945 [INFO] tts: [TTS] Speaking: 'Goodbye.'
2026-03-29 01:50:32,433 [INFO] assistant: ==================================================
2026-03-29 01:50:32,433 [INFO] assistant:   CannaKit Voice Assistant — Push-to-Talk
2026-03-29 01:50:32,433 [INFO] assistant: ==================================================
2026-03-29 01:50:32,433 [INFO] assistant: [ASSISTANT] Loading Whisper model...
2026-03-29 01:50:34,639 [INFO] stt: [STT] Loading Whisper model: base.en
2026-03-29 01:50:36,147 [INFO] stt: [STT] Whisper model loaded.
2026-03-29 01:50:36,148 [INFO] assistant: [ASSISTANT] Whisper ready.
2026-03-29 01:50:36,148 [INFO] tts: [TTS] Speaking: 'CannaKit ready. Hold F12 and speak your command.'
2026-03-29 01:50:43,384 [INFO] assistant: [ASSISTANT] Listening for F12 keypress. Ctrl+C to quit.
2026-03-29 01:50:56,887 [INFO] assistant: [STATE] → recording
2026-03-29 01:50:56,887 [INFO] assistant: [PTT] Recording...
2026-03-29 01:50:57,151 [INFO] assistant: [PTT] Busy — ignoring keypress
2026-03-29 01:50:57,191 [INFO] assistant: [PTT] Busy — ignoring keypress
2026-03-29 01:50:57,235 [INFO] assistant: [PTT] Busy — ignoring keypress
2026-03-29 01:50:57,280 [INFO] assistant: [PTT] Busy — ignoring keypress
2026-03-29 01:50:57,319 [INFO] assistant: [PTT] Busy — ignoring keypress
2026-03-29 01:50:57,359 [INFO] assistant: [PTT] Busy — ignoring keypress
2026-03-29 01:50:57,399 [INFO] assistant: [PTT] Busy — ignoring keypress
2026-03-29 01:50:57,439 [INFO] assistant: [PTT] Busy — ignoring keypress
2026-03-29 01:50:57,479 [INFO] assistant: [PTT] Busy — ignoring keypress
2026-03-29 01:50:57,519 [INFO] assistant: [PTT] Busy — ignoring keypress
2026-03-29 01:50:57,559 [INFO] assistant: [PTT] Busy — ignoring keypress
2026-03-29 01:50:57,603 [INFO] assistant: [PTT] Busy — ignoring keypress
2026-03-29 01:50:57,643 [INFO] assistant: [PTT] Busy — ignoring keypress
2026-03-29 01:50:57,687 [INFO] assistant: [PTT] Busy — ignoring keypress
2026-03-29 01:50:57,731 [INFO] assistant: [PTT] Busy — ignoring keypress
2026-03-29 01:50:57,775 [INFO] assistant: [PTT] Busy — ignoring keypress
2026-03-29 01:50:57,819 [INFO] assistant: [PTT] Busy — ignoring keypress
2026-03-29 01:50:57,859 [INFO] assistant: [PTT] Busy — ignoring keypress
2026-03-29 01:50:57,899 [INFO] assistant: [PTT] Busy — ignoring keypress
2026-03-29 01:50:57,939 [INFO] assistant: [PTT] Busy — ignoring keypress
2026-03-29 01:50:57,983 [INFO] assistant: [PTT] Busy — ignoring keypress
2026-03-29 01:50:58,023 [INFO] assistant: [PTT] Busy — ignoring keypress
2026-03-29 01:50:58,063 [INFO] assistant: [PTT] Busy — ignoring keypress
2026-03-29 01:50:58,103 [INFO] assistant: [PTT] Busy — ignoring keypress
2026-03-29 01:50:58,143 [INFO] assistant: [PTT] Busy — ignoring keypress
2026-03-29 01:50:58,187 [INFO] assistant: [PTT] Busy — ignoring keypress
2026-03-29 01:50:58,231 [INFO] assistant: [PTT] Busy — ignoring keypress
2026-03-29 01:50:58,271 [INFO] assistant: [PTT] Busy — ignoring keypress
2026-03-29 01:50:58,311 [INFO] assistant: [PTT] Busy — ignoring keypress
2026-03-29 01:50:58,351 [INFO] assistant: [PTT] Busy — ignoring keypress
2026-03-29 01:50:58,391 [INFO] assistant: [PTT] Busy — ignoring keypress
2026-03-29 01:50:58,431 [INFO] assistant: [PTT] Busy — ignoring keypress
2026-03-29 01:50:58,471 [INFO] assistant: [PTT] Busy — ignoring keypress
2026-03-29 01:50:58,511 [INFO] assistant: [PTT] Busy — ignoring keypress
2026-03-29 01:50:58,551 [INFO] assistant: [PTT] Busy — ignoring keypress
2026-03-29 01:50:58,591 [INFO] assistant: [PTT] Busy — ignoring keypress
2026-03-29 01:50:58,635 [INFO] assistant: [PTT] Busy — ignoring keypress
2026-03-29 01:50:58,679 [INFO] assistant: [PTT] Busy — ignoring keypress
2026-03-29 01:50:58,719 [INFO] assistant: [PTT] Busy — ignoring keypress
2026-03-29 01:50:58,759 [INFO] assistant: [PTT] Busy — ignoring keypress
2026-03-29 01:50:58,799 [INFO] assistant: [PTT] Busy — ignoring keypress
2026-03-29 01:50:58,839 [INFO] assistant: [PTT] Busy — ignoring keypress
2026-03-29 01:50:58,879 [INFO] assistant: [PTT] Busy — ignoring keypress
2026-03-29 01:50:58,919 [INFO] assistant: [PTT] Busy — ignoring keypress
2026-03-29 01:50:58,959 [INFO] assistant: [PTT] Busy — ignoring keypress
2026-03-29 01:50:58,999 [INFO] assistant: [PTT] Busy — ignoring keypress
2026-03-29 01:50:59,039 [INFO] assistant: [PTT] Busy — ignoring keypress
2026-03-29 01:50:59,079 [INFO] assistant: [PTT] Busy — ignoring keypress
2026-03-29 01:50:59,123 [INFO] assistant: [PTT] Busy — ignoring keypress
2026-03-29 01:50:59,163 [INFO] assistant: [PTT] Busy — ignoring keypress
2026-03-29 01:50:59,207 [INFO] assistant: [PTT] Busy — ignoring keypress
2026-03-29 01:50:59,248 [INFO] assistant: [PTT] Busy — ignoring keypress
2026-03-29 01:50:59,288 [INFO] assistant: [PTT] Busy — ignoring keypress
2026-03-29 01:50:59,331 [INFO] assistant: [PTT] Busy — ignoring keypress
2026-03-29 01:50:59,371 [INFO] assistant: [PTT] Busy — ignoring keypress
2026-03-29 01:50:59,411 [INFO] assistant: [PTT] Busy — ignoring keypress
2026-03-29 01:50:59,451 [INFO] assistant: [PTT] Busy — ignoring keypress
2026-03-29 01:50:59,491 [INFO] assistant: [PTT] Busy — ignoring keypress
2026-03-29 01:50:59,535 [INFO] assistant: [PTT] Busy — ignoring keypress
2026-03-29 01:50:59,579 [INFO] assistant: [PTT] Busy — ignoring keypress
2026-03-29 01:50:59,619 [INFO] assistant: [PTT] Busy — ignoring keypress
2026-03-29 01:50:59,659 [INFO] assistant: [PTT] Busy — ignoring keypress
2026-03-29 01:50:59,699 [INFO] assistant: [PTT] Busy — ignoring keypress
2026-03-29 01:50:59,744 [INFO] assistant: [PTT] Busy — ignoring keypress
2026-03-29 01:50:59,783 [INFO] assistant: [PTT] Busy — ignoring keypress
2026-03-29 01:50:59,823 [INFO] assistant: [PTT] Busy — ignoring keypress
2026-03-29 01:50:59,863 [INFO] assistant: [PTT] Busy — ignoring keypress
2026-03-29 01:50:59,903 [INFO] assistant: [PTT] Busy — ignoring keypress
2026-03-29 01:50:59,943 [INFO] assistant: [PTT] Busy — ignoring keypress
2026-03-29 01:50:59,983 [INFO] assistant: [PTT] Busy — ignoring keypress
2026-03-29 01:51:00,023 [INFO] assistant: [PTT] Busy — ignoring keypress
2026-03-29 01:51:00,063 [INFO] assistant: [PTT] Busy — ignoring keypress
2026-03-29 01:51:00,103 [INFO] assistant: [PTT] Busy — ignoring keypress
2026-03-29 01:51:00,147 [INFO] assistant: [PTT] Busy — ignoring keypress
2026-03-29 01:51:00,187 [INFO] assistant: [PTT] Busy — ignoring keypress
2026-03-29 01:51:00,231 [INFO] assistant: [PTT] Busy — ignoring keypress
2026-03-29 01:51:00,275 [INFO] assistant: [PTT] Busy — ignoring keypress
2026-03-29 01:51:00,315 [INFO] assistant: [PTT] Busy — ignoring keypress
2026-03-29 01:51:00,355 [INFO] assistant: [PTT] Busy — ignoring keypress
2026-03-29 01:51:00,395 [INFO] assistant: [PTT] Busy — ignoring keypress
2026-03-29 01:51:00,435 [INFO] assistant: [PTT] Busy — ignoring keypress
2026-03-29 01:51:00,475 [INFO] assistant: [PTT] Busy — ignoring keypress
2026-03-29 01:51:00,515 [INFO] assistant: [PTT] Busy — ignoring keypress
2026-03-29 01:51:00,559 [INFO] assistant: [PTT] Busy — ignoring keypress
2026-03-29 01:51:00,599 [INFO] assistant: [PTT] Busy — ignoring keypress
2026-03-29 01:51:00,643 [INFO] assistant: [PTT] Busy — ignoring keypress
2026-03-29 01:51:00,687 [INFO] assistant: [PTT] Busy — ignoring keypress
2026-03-29 01:51:00,727 [INFO] assistant: [PTT] Busy — ignoring keypress
2026-03-29 01:51:00,767 [INFO] assistant: [PTT] Busy — ignoring keypress
2026-03-29 01:51:00,807 [INFO] assistant: [PTT] Busy — ignoring keypress
2026-03-29 01:51:00,851 [INFO] assistant: [PTT] Busy — ignoring keypress
2026-03-29 01:51:00,892 [INFO] assistant: [PTT] Busy — ignoring keypress
2026-03-29 01:51:01,215 [INFO] assistant: [PTT] Recorded 4.3s
2026-03-29 01:51:01,215 [INFO] assistant: [STATE] → processing
2026-03-29 01:51:01,215 [INFO] tts: [TTS] Speaking: 'Processing...'
2026-03-29 01:51:06,191 [INFO] stt: [STT] Transcribing...
2026-03-29 01:51:12,009 [INFO] stt: [STT] Transcribed: 'Find the Desmond.'
2026-03-29 01:51:12,009 [INFO] assistant: [PTT] Command: 'Find the Desmond.'
2026-03-29 01:51:12,009 [INFO] intent: [INTENT] Matched 'find' → handle_nas_search
2026-03-29 01:51:12,020 [INFO] nas_search: [NAS] Search query: 'desmond'
2026-03-29 01:51:13,342 [INFO] assistant: [PTT] Response: "I found 5 files matching 'desmond': v7r1 Range Capability.txt, iot_log.txt, Package Installation List.txt and 2 more. Check the log for full paths."
2026-03-29 01:51:13,342 [INFO] assistant: [STATE] → speaking
2026-03-29 01:51:13,342 [INFO] tts: [TTS] Speaking: "I found 5 files matching 'desmond': v7r1 Range Capability.txt, iot_log.txt, Package Installation List.txt and 2 more. Check the log for full paths."
2026-03-29 01:51:32,050 [INFO] assistant: [STATE] → idle
2026-03-29 01:51:32,051 [INFO] assistant: [PTT] Ready — press F12 to speak.
2026-03-29 01:53:45,648 [INFO] assistant: ==================================================
2026-03-29 01:53:45,648 [INFO] assistant:   CannaKit Voice Assistant — Push-to-Talk
2026-03-29 01:53:45,648 [INFO] assistant: ==================================================
2026-03-29 01:53:45,648 [INFO] assistant: [ASSISTANT] Loading Whisper model...
2026-03-29 01:53:47,306 [INFO] stt: [STT] Loading Whisper model: base.en
2026-03-29 01:53:48,640 [INFO] stt: [STT] Whisper model loaded.
2026-03-29 01:53:48,640 [INFO] assistant: [ASSISTANT] Whisper ready.
2026-03-29 01:53:48,640 [INFO] tts: [TTS] Speaking: 'CannaKit ready. Hold F12 and speak your command.'
2026-03-29 01:53:54,762 [INFO] assistant: [ASSISTANT] Listening for F12 keypress. Ctrl+C to quit.
2026-03-29 01:53:56,224 [INFO] assistant: [STATE] → recording
2026-03-29 01:53:56,224 [INFO] assistant: [PTT] Recording...
2026-03-29 01:53:56,507 [INFO] assistant: [PTT] Busy — ignoring keypress
2026-03-29 01:53:56,547 [INFO] assistant: [PTT] Busy — ignoring keypress
2026-03-29 01:53:56,587 [INFO] assistant: [PTT] Busy — ignoring keypress
2026-03-29 01:53:56,627 [INFO] assistant: [PTT] Busy — ignoring keypress
2026-03-29 01:53:56,667 [INFO] assistant: [PTT] Busy — ignoring keypress
2026-03-29 01:53:56,711 [INFO] assistant: [PTT] Busy — ignoring keypress
2026-03-29 01:53:56,751 [INFO] assistant: [PTT] Busy — ignoring keypress
2026-03-29 01:53:56,791 [INFO] assistant: [PTT] Busy — ignoring keypress
2026-03-29 01:53:56,835 [INFO] assistant: [PTT] Busy — ignoring keypress
2026-03-29 01:53:56,875 [INFO] assistant: [PTT] Busy — ignoring keypress
2026-03-29 01:53:56,915 [INFO] assistant: [PTT] Busy — ignoring keypress
2026-03-29 01:53:56,955 [INFO] assistant: [PTT] Busy — ignoring keypress
2026-03-29 01:53:56,995 [INFO] assistant: [PTT] Busy — ignoring keypress
2026-03-29 01:53:57,035 [INFO] assistant: [PTT] Busy — ignoring keypress
2026-03-29 01:53:57,075 [INFO] assistant: [PTT] Busy — ignoring keypress
2026-03-29 01:53:57,115 [INFO] assistant: [PTT] Busy — ignoring keypress
2026-03-29 01:53:57,155 [INFO] assistant: [PTT] Busy — ignoring keypress
2026-03-29 01:53:57,195 [INFO] assistant: [PTT] Busy — ignoring keypress
2026-03-29 01:53:57,235 [INFO] assistant: [PTT] Busy — ignoring keypress
2026-03-29 01:53:57,275 [INFO] assistant: [PTT] Busy — ignoring keypress
2026-03-29 01:53:57,315 [INFO] assistant: [PTT] Busy — ignoring keypress
2026-03-29 01:53:57,355 [INFO] assistant: [PTT] Busy — ignoring keypress
2026-03-29 01:53:57,395 [INFO] assistant: [PTT] Busy — ignoring keypress
2026-03-29 01:53:57,435 [INFO] assistant: [PTT] Busy — ignoring keypress
2026-03-29 01:53:57,475 [INFO] assistant: [PTT] Busy — ignoring keypress
2026-03-29 01:53:57,520 [INFO] assistant: [PTT] Busy — ignoring keypress
2026-03-29 01:53:57,560 [INFO] assistant: [PTT] Busy — ignoring keypress
2026-03-29 01:53:57,599 [INFO] assistant: [PTT] Busy — ignoring keypress
2026-03-29 01:53:57,639 [INFO] assistant: [PTT] Busy — ignoring keypress
2026-03-29 01:53:57,679 [INFO] assistant: [PTT] Busy — ignoring keypress
2026-03-29 01:53:57,719 [INFO] assistant: [PTT] Busy — ignoring keypress
2026-03-29 01:53:57,759 [INFO] assistant: [PTT] Busy — ignoring keypress
2026-03-29 01:53:57,799 [INFO] assistant: [PTT] Busy — ignoring keypress
2026-03-29 01:53:57,839 [INFO] assistant: [PTT] Busy — ignoring keypress
2026-03-29 01:53:57,879 [INFO] assistant: [PTT] Busy — ignoring keypress
2026-03-29 01:53:57,919 [INFO] assistant: [PTT] Busy — ignoring keypress
2026-03-29 01:53:57,959 [INFO] assistant: [PTT] Busy — ignoring keypress
2026-03-29 01:53:57,999 [INFO] assistant: [PTT] Busy — ignoring keypress
2026-03-29 01:53:58,039 [INFO] assistant: [PTT] Busy — ignoring keypress
2026-03-29 01:53:58,079 [INFO] assistant: [PTT] Busy — ignoring keypress
2026-03-29 01:53:58,119 [INFO] assistant: [PTT] Busy — ignoring keypress
2026-03-29 01:53:58,159 [INFO] assistant: [PTT] Busy — ignoring keypress
2026-03-29 01:53:58,199 [INFO] assistant: [PTT] Busy — ignoring keypress
2026-03-29 01:53:58,239 [INFO] assistant: [PTT] Busy — ignoring keypress
2026-03-29 01:53:58,279 [INFO] assistant: [PTT] Busy — ignoring keypress
2026-03-29 01:53:58,319 [INFO] assistant: [PTT] Busy — ignoring keypress
2026-03-29 01:53:58,359 [INFO] assistant: [PTT] Busy — ignoring keypress
2026-03-29 01:53:58,399 [INFO] assistant: [PTT] Busy — ignoring keypress
2026-03-29 01:53:58,439 [INFO] assistant: [PTT] Busy — ignoring keypress
2026-03-29 01:53:58,479 [INFO] assistant: [PTT] Busy — ignoring keypress
2026-03-29 01:53:58,519 [INFO] assistant: [PTT] Busy — ignoring keypress
2026-03-29 01:53:58,559 [INFO] assistant: [PTT] Busy — ignoring keypress
2026-03-29 01:53:58,599 [INFO] assistant: [PTT] Busy — ignoring keypress
2026-03-29 01:53:58,639 [INFO] assistant: [PTT] Busy — ignoring keypress
2026-03-29 01:53:58,679 [INFO] assistant: [PTT] Busy — ignoring keypress
2026-03-29 01:53:59,042 [INFO] assistant: [PTT] Recorded 2.8s
2026-03-29 01:53:59,042 [INFO] assistant: [STATE] → processing
2026-03-29 01:53:59,042 [INFO] tts: [TTS] Speaking: 'Processing...'
2026-03-29 01:54:02,659 [INFO] stt: [STT] Transcribing...
2026-03-29 01:54:06,186 [INFO] stt: [STT] Transcribed: 'Find Desmond.'
2026-03-29 01:54:06,186 [INFO] assistant: [PTT] Command: 'Find Desmond.'
2026-03-29 01:54:06,186 [INFO] intent: [INTENT] Matched 'find' → handle_nas_search
2026-03-29 01:54:06,187 [INFO] nas_search: [NAS] Search query: 'desmond'
2026-03-29 01:54:07,007 [INFO] assistant: [PTT] Response: "I found 5 files matching 'desmond': v7r1 Range Capability.txt, iot_log.txt, Package Installation List.txt and 2 more. Check the log for full paths."
2026-03-29 01:54:07,008 [INFO] assistant: [STATE] → speaking
2026-03-29 01:54:07,010 [INFO] tts: [TTS] Speaking: "I found 5 files matching 'desmond': v7r1 Range Capability.txt, iot_log.txt, Package Installation List.txt and 2 more. Check the log for full paths."
2026-03-29 01:54:23,641 [INFO] assistant: [STATE] → idle
2026-03-29 01:54:23,642 [INFO] assistant: [PTT] Ready — press F12 to speak.
2026-03-29 01:56:35,031 [INFO] assistant: [ASSISTANT] Shutting down...
2026-03-29 01:56:35,031 [INFO] tts: [TTS] Speaking: 'Goodbye.'
2026-03-29 01:58:23,883 [INFO] assistant: ==================================================
2026-03-29 01:58:23,887 [INFO] assistant:   CannaKit Voice Assistant — Push-to-Talk
2026-03-29 01:58:23,887 [INFO] assistant: ==================================================
2026-03-29 01:58:23,887 [INFO] assistant: [ASSISTANT] Loading Whisper model...
2026-03-29 01:58:28,261 [INFO] assistant: ==================================================
2026-03-29 01:58:28,261 [INFO] assistant:   CannaKit Voice Assistant — Push-to-Talk
2026-03-29 01:58:28,261 [INFO] assistant: ==================================================
2026-03-29 01:58:28,261 [INFO] assistant: [ASSISTANT] Loading Whisper model...
2026-03-29 01:58:28,650 [INFO] stt: [STT] Loading Whisper model: base.en
2026-03-29 01:58:31,216 [INFO] stt: [STT] Loading Whisper model: base.en
2026-03-29 01:58:31,296 [INFO] stt: [STT] Whisper model loaded.
2026-03-29 01:58:31,298 [INFO] assistant: [ASSISTANT] Whisper ready.
2026-03-29 01:58:31,298 [INFO] tts: [TTS] Speaking: 'CannaKit ready. Hold F12 and speak your command.'
2026-03-29 01:58:36,337 [INFO] stt: [STT] Whisper model loaded.
2026-03-29 01:58:36,342 [INFO] assistant: [ASSISTANT] Whisper ready.
2026-03-29 01:58:36,343 [INFO] tts: [TTS] Speaking: 'CannaKit ready. Hold F12 and speak your command.'
2026-03-29 01:58:49,379 [INFO] assistant: [ASSISTANT] Listening for F12 keypress. Ctrl+C to quit.
2026-03-29 01:58:49,947 [INFO] assistant: [ASSISTANT] Listening for F12 keypress. Ctrl+C to quit.
2026-03-29 02:07:12,511 [INFO] assistant: ==================================================
2026-03-29 02:07:12,511 [INFO] assistant:   CannaKit Voice Assistant Starting
2026-03-29 02:07:12,512 [INFO] assistant: ==================================================
2026-03-29 02:07:12,512 [INFO] assistant: [ASSISTANT] Loading Whisper model (first run may take a moment)...
2026-03-29 02:07:14,970 [INFO] stt: [STT] Loading Whisper model: base.en
2026-03-29 02:07:16,594 [INFO] stt: [STT] Whisper model loaded.
2026-03-29 02:07:16,594 [INFO] assistant: [ASSISTANT] Whisper ready.
2026-03-29 02:07:16,594 [INFO] tts: [TTS] Speaking: 'CannaKit voice assistant ready. Say hey cannakit to begin.'
2026-03-29 02:07:29,463 [INFO] assistant: [STATE] → recording
2026-03-29 02:07:29,464 [INFO] assistant: [PTT] Recording...
2026-03-29 02:07:29,734 [INFO] assistant: [PTT] Busy — ignoring keypress
2026-03-29 02:07:29,777 [INFO] assistant: [PTT] Busy — ignoring keypress
2026-03-29 02:07:29,817 [INFO] assistant: [PTT] Busy — ignoring keypress
2026-03-29 02:07:29,857 [INFO] assistant: [PTT] Busy — ignoring keypress
2026-03-29 02:07:29,897 [INFO] assistant: [PTT] Busy — ignoring keypress
2026-03-29 02:07:29,937 [INFO] assistant: [PTT] Busy — ignoring keypress
2026-03-29 02:07:29,978 [INFO] assistant: [PTT] Busy — ignoring keypress
2026-03-29 02:07:30,018 [INFO] assistant: [PTT] Busy — ignoring keypress
2026-03-29 02:07:30,057 [INFO] assistant: [PTT] Busy — ignoring keypress
2026-03-29 02:07:30,097 [INFO] assistant: [PTT] Busy — ignoring keypress
2026-03-29 02:07:30,137 [INFO] assistant: [PTT] Busy — ignoring keypress
2026-03-29 02:07:30,181 [INFO] assistant: [PTT] Busy — ignoring keypress
2026-03-29 02:07:30,221 [INFO] assistant: [PTT] Busy — ignoring keypress
2026-03-29 02:07:30,261 [INFO] assistant: [PTT] Busy — ignoring keypress
2026-03-29 02:07:30,301 [INFO] assistant: [PTT] Busy — ignoring keypress
2026-03-29 02:07:30,341 [INFO] assistant: [PTT] Busy — ignoring keypress
2026-03-29 02:07:30,381 [INFO] assistant: [PTT] Busy — ignoring keypress
2026-03-29 02:07:30,421 [INFO] assistant: [PTT] Busy — ignoring keypress
2026-03-29 02:07:30,461 [INFO] assistant: [PTT] Busy — ignoring keypress
2026-03-29 02:07:30,501 [INFO] assistant: [PTT] Busy — ignoring keypress
2026-03-29 02:07:30,541 [INFO] assistant: [PTT] Busy — ignoring keypress
2026-03-29 02:07:30,581 [INFO] assistant: [PTT] Busy — ignoring keypress
2026-03-29 02:07:30,625 [INFO] assistant: [PTT] Busy — ignoring keypress
2026-03-29 02:07:30,665 [INFO] assistant: [PTT] Busy — ignoring keypress
2026-03-29 02:07:30,705 [INFO] assistant: [PTT] Busy — ignoring keypress
2026-03-29 02:07:30,749 [INFO] assistant: [PTT] Busy — ignoring keypress
2026-03-29 02:07:30,793 [INFO] assistant: [PTT] Busy — ignoring keypress
2026-03-29 02:07:30,837 [INFO] assistant: [PTT] Busy — ignoring keypress
2026-03-29 02:07:30,877 [INFO] assistant: [PTT] Busy — ignoring keypress
2026-03-29 02:07:30,918 [INFO] assistant: [PTT] Busy — ignoring keypress
2026-03-29 02:07:30,961 [INFO] assistant: [PTT] Busy — ignoring keypress
2026-03-29 02:07:31,001 [INFO] assistant: [PTT] Busy — ignoring keypress
2026-03-29 02:07:31,041 [INFO] assistant: [PTT] Busy — ignoring keypress
2026-03-29 02:07:31,081 [INFO] assistant: [PTT] Busy — ignoring keypress
2026-03-29 02:07:31,125 [INFO] assistant: [PTT] Busy — ignoring keypress
2026-03-29 02:07:31,165 [INFO] assistant: [PTT] Busy — ignoring keypress
2026-03-29 02:07:31,209 [INFO] assistant: [PTT] Busy — ignoring keypress
2026-03-29 02:07:31,250 [INFO] assistant: [PTT] Busy — ignoring keypress
2026-03-29 02:07:31,293 [INFO] assistant: [PTT] Busy — ignoring keypress
2026-03-29 02:07:31,338 [INFO] assistant: [PTT] Busy — ignoring keypress
2026-03-29 02:07:31,381 [INFO] assistant: [PTT] Busy — ignoring keypress
2026-03-29 02:07:31,421 [INFO] assistant: [PTT] Busy — ignoring keypress
2026-03-29 02:07:31,461 [INFO] assistant: [PTT] Busy — ignoring keypress
2026-03-29 02:07:31,501 [INFO] assistant: [PTT] Busy — ignoring keypress
2026-03-29 02:07:31,541 [INFO] assistant: [PTT] Busy — ignoring keypress
2026-03-29 02:07:31,581 [INFO] assistant: [PTT] Busy — ignoring keypress
2026-03-29 02:07:31,621 [INFO] assistant: [PTT] Busy — ignoring keypress
2026-03-29 02:07:31,665 [INFO] assistant: [PTT] Busy — ignoring keypress
2026-03-29 02:07:31,709 [INFO] assistant: [PTT] Busy — ignoring keypress
2026-03-29 02:07:31,750 [INFO] assistant: [PTT] Busy — ignoring keypress
2026-03-29 02:07:31,793 [INFO] assistant: [PTT] Busy — ignoring keypress
2026-03-29 02:07:31,837 [INFO] assistant: [PTT] Busy — ignoring keypress
2026-03-29 02:07:31,881 [INFO] assistant: [PTT] Busy — ignoring keypress
2026-03-29 02:07:32,234 [INFO] assistant: [PTT] Recorded 2.8s
2026-03-29 02:07:32,234 [INFO] assistant: [STATE] → processing
2026-03-29 02:07:32,234 [INFO] tts: [TTS] Speaking: 'Processing...'
2026-03-29 02:07:36,502 [INFO] stt: [STT] Transcribing...
2026-03-29 02:07:41,299 [INFO] stt: [STT] Transcribed: 'What is the weather today?'
2026-03-29 02:07:41,300 [INFO] assistant: [PTT] Command: 'What is the weather today?'
2026-03-29 02:07:41,301 [INFO] assistant: [PTT] Response: "I heard you say: What is the weather today?. I'm not sure how to help with that yet."
2026-03-29 02:07:41,301 [INFO] assistant: [STATE] → speaking
2026-03-29 02:07:41,301 [INFO] tts: [TTS] Speaking: "I heard you say: What is the weather today?. I'm not sure how to help with that yet."
2026-03-29 02:07:43,811 [INFO] assistant: ==================================================
2026-03-29 02:07:43,811 [INFO] assistant:   CannaKit Voice Assistant Starting
2026-03-29 02:07:43,811 [INFO] assistant: ==================================================
2026-03-29 02:07:43,811 [INFO] assistant: [ASSISTANT] Loading Whisper model (first run may take a moment)...
2026-03-29 02:07:46,624 [INFO] stt: [STT] Loading Whisper model: base.en
2026-03-29 02:07:48,058 [INFO] stt: [STT] Whisper model loaded.
2026-03-29 02:07:48,059 [INFO] assistant: [ASSISTANT] Whisper ready.
2026-03-29 02:07:48,059 [INFO] tts: [TTS] Speaking: 'CannaKit voice assistant ready. Say hey cannakit to begin.'
2026-03-29 02:07:51,324 [INFO] assistant: [STATE] → idle
2026-03-29 02:07:51,324 [INFO] assistant: [PTT] Ready — press F12 to speak.
2026-03-29 02:08:14,871 [INFO] assistant: ==================================================
2026-03-29 02:08:14,871 [INFO] assistant:   CannaKit Voice Assistant Starting
2026-03-29 02:08:14,871 [INFO] assistant: ==================================================
2026-03-29 02:08:14,871 [INFO] assistant: [ASSISTANT] Loading Whisper model (first run may take a moment)...
2026-03-29 02:08:17,920 [INFO] stt: [STT] Loading Whisper model: base.en
2026-03-29 02:08:19,522 [INFO] stt: [STT] Whisper model loaded.
2026-03-29 02:08:19,523 [INFO] assistant: [ASSISTANT] Whisper ready.
2026-03-29 02:08:19,523 [INFO] tts: [TTS] Speaking: 'CannaKit voice assistant ready. Say hey cannakit to begin.'
2026-03-29 02:08:47,053 [INFO] assistant: ==================================================
2026-03-29 02:08:47,053 [INFO] assistant:   CannaKit Voice Assistant Starting
2026-03-29 02:08:47,053 [INFO] assistant: ==================================================
2026-03-29 02:08:47,054 [INFO] assistant: [ASSISTANT] Loading Whisper model (first run may take a moment)...
2026-03-29 02:08:49,272 [INFO] stt: [STT] Loading Whisper model: base.en
2026-03-29 02:08:50,596 [INFO] stt: [STT] Whisper model loaded.
2026-03-29 02:08:50,596 [INFO] assistant: [ASSISTANT] Whisper ready.
2026-03-29 02:08:50,596 [INFO] tts: [TTS] Speaking: 'CannaKit voice assistant ready. Say hey cannakit to begin.'
2026-03-29 02:09:17,879 [INFO] assistant: ==================================================
2026-03-29 02:09:17,879 [INFO] assistant:   CannaKit Voice Assistant Starting
2026-03-29 02:09:17,879 [INFO] assistant: ==================================================
2026-03-29 02:09:17,879 [INFO] assistant: [ASSISTANT] Loading Whisper model (first run may take a moment)...
2026-03-29 02:09:20,362 [INFO] stt: [STT] Loading Whisper model: base.en
2026-03-29 02:09:21,893 [INFO] stt: [STT] Whisper model loaded.
2026-03-29 02:09:21,893 [INFO] assistant: [ASSISTANT] Whisper ready.
2026-03-29 02:09:21,893 [INFO] tts: [TTS] Speaking: 'CannaKit voice assistant ready. Say hey cannakit to begin.'
2026-03-29 02:09:49,600 [INFO] assistant: ==================================================
2026-03-29 02:09:49,600 [INFO] assistant:   CannaKit Voice Assistant Starting
2026-03-29 02:09:49,600 [INFO] assistant: ==================================================
2026-03-29 02:09:49,600 [INFO] assistant: [ASSISTANT] Loading Whisper model (first run may take a moment)...
2026-03-29 02:09:52,504 [INFO] stt: [STT] Loading Whisper model: base.en
2026-03-29 02:09:54,093 [INFO] stt: [STT] Whisper model loaded.
2026-03-29 02:09:54,093 [INFO] assistant: [ASSISTANT] Whisper ready.
2026-03-29 02:09:54,093 [INFO] tts: [TTS] Speaking: 'CannaKit voice assistant ready. Say hey cannakit to begin.'
2026-03-29 02:10:21,280 [INFO] assistant: ==================================================
2026-03-29 02:10:21,280 [INFO] assistant:   CannaKit Voice Assistant Starting
2026-03-29 02:10:21,280 [INFO] assistant: ==================================================
2026-03-29 02:10:21,280 [INFO] assistant: [ASSISTANT] Loading Whisper model (first run may take a moment)...
2026-03-29 02:10:23,404 [INFO] stt: [STT] Loading Whisper model: base.en
2026-03-29 02:10:24,705 [INFO] stt: [STT] Whisper model loaded.
2026-03-29 02:10:24,706 [INFO] assistant: [ASSISTANT] Whisper ready.
2026-03-29 02:10:24,706 [INFO] tts: [TTS] Speaking: 'CannaKit voice assistant ready. Say hey cannakit to begin.'
2026-03-29 02:10:51,496 [INFO] assistant: ==================================================
2026-03-29 02:10:51,496 [INFO] assistant:   CannaKit Voice Assistant Starting
2026-03-29 02:10:51,496 [INFO] assistant: ==================================================
2026-03-29 02:10:51,496 [INFO] assistant: [ASSISTANT] Loading Whisper model (first run may take a moment)...
2026-03-29 02:10:53,648 [INFO] stt: [STT] Loading Whisper model: base.en
2026-03-29 02:14:30,835 [INFO] assistant: ==================================================
2026-03-29 02:14:30,835 [INFO] assistant:   CannaKit Voice Assistant Starting
2026-03-29 02:14:30,835 [INFO] assistant: ==================================================
2026-03-29 02:14:30,835 [INFO] assistant: [ASSISTANT] Loading Whisper model (first run may take a moment)...
2026-03-29 02:14:32,952 [INFO] stt: [STT] Loading Whisper model: base.en
2026-03-29 02:14:34,371 [INFO] stt: [STT] Whisper model loaded.
2026-03-29 02:14:34,371 [INFO] assistant: [ASSISTANT] Whisper ready.
2026-03-29 02:14:34,372 [INFO] tts: [TTS] Speaking: 'CannaKit voice assistant ready. Say hey cannakit to begin.'
2026-03-29 02:14:42,749 [INFO] wakeword: [WAKEWORD] Loading model: hey_jarvis
2026-03-29 02:15:02,463 [INFO] assistant: ==================================================
2026-03-29 02:15:02,464 [INFO] assistant:   CannaKit Voice Assistant Starting
2026-03-29 02:15:02,464 [INFO] assistant: ==================================================
2026-03-29 02:15:02,464 [INFO] assistant: [ASSISTANT] Loading Whisper model (first run may take a moment)...
2026-03-29 02:15:04,509 [INFO] stt: [STT] Loading Whisper model: base.en
2026-03-29 02:15:05,867 [INFO] stt: [STT] Whisper model loaded.
2026-03-29 02:15:05,867 [INFO] assistant: [ASSISTANT] Whisper ready.
2026-03-29 02:15:05,867 [INFO] tts: [TTS] Speaking: 'CannaKit voice assistant ready. Say hey cannakit to begin.'
2026-03-29 02:15:14,362 [INFO] wakeword: [WAKEWORD] Loading model: hey_jarvis
2026-03-29 02:15:34,025 [INFO] assistant: ==================================================
2026-03-29 02:15:34,025 [INFO] assistant:   CannaKit Voice Assistant Starting
2026-03-29 02:15:34,025 [INFO] assistant: ==================================================
2026-03-29 02:15:34,025 [INFO] assistant: [ASSISTANT] Loading Whisper model (first run may take a moment)...
2026-03-29 02:15:36,341 [INFO] stt: [STT] Loading Whisper model: base.en
2026-03-29 02:15:37,784 [INFO] stt: [STT] Whisper model loaded.
2026-03-29 02:15:37,784 [INFO] assistant: [ASSISTANT] Whisper ready.
2026-03-29 02:15:37,784 [INFO] tts: [TTS] Speaking: 'CannaKit voice assistant ready. Say hey cannakit to begin.'
2026-03-29 02:15:47,597 [INFO] wakeword: [WAKEWORD] Loading model: hey_jarvis
2026-03-29 02:19:08,467 [INFO] assistant: ==================================================
2026-03-29 02:19:08,467 [INFO] assistant:   CannaKit Voice Assistant Starting
2026-03-29 02:19:08,467 [INFO] assistant: ==================================================
2026-03-29 02:19:08,467 [INFO] assistant: [ASSISTANT] Loading Whisper model (first run may take a moment)...
2026-03-29 02:19:10,617 [INFO] stt: [STT] Loading Whisper model: base.en
2026-03-29 02:19:12,041 [INFO] stt: [STT] Whisper model loaded.
2026-03-29 02:19:12,041 [INFO] assistant: [ASSISTANT] Whisper ready.
2026-03-29 02:19:12,041 [INFO] tts: [TTS] Speaking: 'CannaKit voice assistant ready. Say hey cannakit to begin.'
2026-03-29 02:19:20,512 [INFO] wakeword: [WAKEWORD] Loading model: /home/pi/app/assistant/venv/lib/python3.13/site-packages/openwakeword/resources/models/hey_jarvis_v0.1.onnx
2026-03-29 02:19:21,118 [INFO] wakeword: [WAKEWORD] Model loaded.
2026-03-29 02:19:21,119 [INFO] wakeword: [WAKEWORD] Starting listen loop...
2026-03-29 02:19:21,119 [INFO] wakeword: [WAKEWORD] Detector started.
2026-03-29 02:19:21,119 [INFO] assistant: [ASSISTANT] Listening for wake word: 'hey jarvis'
2026-03-29 02:19:21,119 [INFO] assistant: [ASSISTANT] (Custom 'hey cannakit' model can be trained later)
2026-03-29 02:19:21,119 [INFO] assistant: [ASSISTANT] Press Ctrl+C to stop.
2026-03-29 02:19:44,641 [INFO] assistant: [STATE] → recording
2026-03-29 02:19:44,642 [INFO] assistant: [PTT] Recording...
2026-03-29 02:19:44,902 [INFO] assistant: [PTT] Busy — ignoring keypress
2026-03-29 02:19:44,941 [INFO] assistant: [PTT] Busy — ignoring keypress
2026-03-29 02:19:44,981 [INFO] assistant: [PTT] Busy — ignoring keypress
2026-03-29 02:19:45,022 [INFO] assistant: [PTT] Busy — ignoring keypress
2026-03-29 02:19:45,061 [INFO] assistant: [PTT] Busy — ignoring keypress
2026-03-29 02:19:45,102 [INFO] assistant: [PTT] Busy — ignoring keypress
2026-03-29 02:19:45,145 [INFO] assistant: [PTT] Busy — ignoring keypress
2026-03-29 02:19:45,190 [INFO] assistant: [PTT] Busy — ignoring keypress
2026-03-29 02:19:45,229 [INFO] assistant: [PTT] Busy — ignoring keypress
2026-03-29 02:19:45,270 [INFO] assistant: [PTT] Busy — ignoring keypress
2026-03-29 02:19:45,313 [INFO] assistant: [PTT] Busy — ignoring keypress
2026-03-29 02:19:45,353 [INFO] assistant: [PTT] Busy — ignoring keypress
2026-03-29 02:19:45,393 [INFO] assistant: [PTT] Busy — ignoring keypress
2026-03-29 02:19:45,437 [INFO] assistant: [PTT] Busy — ignoring keypress
2026-03-29 02:19:45,483 [INFO] assistant: [PTT] Busy — ignoring keypress
2026-03-29 02:19:45,522 [INFO] assistant: [PTT] Busy — ignoring keypress
2026-03-29 02:19:45,562 [INFO] assistant: [PTT] Busy — ignoring keypress
2026-03-29 02:19:45,602 [INFO] assistant: [PTT] Busy — ignoring keypress
2026-03-29 02:19:45,643 [INFO] assistant: [PTT] Busy — ignoring keypress
2026-03-29 02:19:45,683 [INFO] assistant: [PTT] Busy — ignoring keypress
2026-03-29 02:19:45,722 [INFO] assistant: [PTT] Busy — ignoring keypress
2026-03-29 02:19:45,761 [INFO] assistant: [PTT] Busy — ignoring keypress
2026-03-29 02:19:45,801 [INFO] assistant: [PTT] Busy — ignoring keypress
2026-03-29 02:19:45,843 [INFO] assistant: [PTT] Busy — ignoring keypress
2026-03-29 02:19:45,882 [INFO] assistant: [PTT] Busy — ignoring keypress
2026-03-29 02:19:45,925 [INFO] assistant: [PTT] Busy — ignoring keypress
2026-03-29 02:19:45,965 [INFO] assistant: [PTT] Busy — ignoring keypress
2026-03-29 02:19:46,006 [INFO] assistant: [PTT] Busy — ignoring keypress
2026-03-29 02:19:46,045 [INFO] assistant: [PTT] Busy — ignoring keypress
2026-03-29 02:19:46,086 [INFO] assistant: [PTT] Busy — ignoring keypress
2026-03-29 02:19:46,129 [INFO] assistant: [PTT] Busy — ignoring keypress
2026-03-29 02:19:46,169 [INFO] assistant: [PTT] Busy — ignoring keypress
2026-03-29 02:19:46,213 [INFO] assistant: [PTT] Busy — ignoring keypress
2026-03-29 02:19:46,253 [INFO] assistant: [PTT] Busy — ignoring keypress
2026-03-29 02:19:46,293 [INFO] assistant: [PTT] Busy — ignoring keypress
2026-03-29 02:19:46,337 [INFO] assistant: [PTT] Busy — ignoring keypress
2026-03-29 02:19:46,377 [INFO] assistant: [PTT] Busy — ignoring keypress
2026-03-29 02:19:46,417 [INFO] assistant: [PTT] Busy — ignoring keypress
2026-03-29 02:19:46,457 [INFO] assistant: [PTT] Busy — ignoring keypress
2026-03-29 02:19:46,497 [INFO] assistant: [PTT] Busy — ignoring keypress
2026-03-29 02:19:46,541 [INFO] assistant: [PTT] Busy — ignoring keypress
2026-03-29 02:19:46,581 [INFO] assistant: [PTT] Busy — ignoring keypress
2026-03-29 02:19:46,625 [INFO] assistant: [PTT] Busy — ignoring keypress
2026-03-29 02:19:46,666 [INFO] assistant: [PTT] Busy — ignoring keypress
2026-03-29 02:19:46,709 [INFO] assistant: [PTT] Busy — ignoring keypress
2026-03-29 02:19:46,749 [INFO] assistant: [PTT] Busy — ignoring keypress
2026-03-29 02:19:46,793 [INFO] assistant: [PTT] Busy — ignoring keypress
2026-03-29 02:19:46,837 [INFO] assistant: [PTT] Busy — ignoring keypress
2026-03-29 02:19:46,884 [INFO] assistant: [PTT] Busy — ignoring keypress
2026-03-29 02:19:46,923 [INFO] assistant: [PTT] Busy — ignoring keypress
2026-03-29 02:19:46,962 [INFO] assistant: [PTT] Busy — ignoring keypress
2026-03-29 02:19:47,002 [INFO] assistant: [PTT] Busy — ignoring keypress
2026-03-29 02:19:47,042 [INFO] assistant: [PTT] Busy — ignoring keypress
2026-03-29 02:19:47,081 [INFO] assistant: [PTT] Busy — ignoring keypress
2026-03-29 02:19:47,122 [INFO] assistant: [PTT] Busy — ignoring keypress
2026-03-29 02:19:47,161 [INFO] assistant: [PTT] Busy — ignoring keypress
2026-03-29 02:19:47,202 [INFO] assistant: [PTT] Busy — ignoring keypress
2026-03-29 02:19:47,561 [INFO] assistant: [PTT] Recorded 2.9s
2026-03-29 02:19:47,561 [INFO] assistant: [STATE] → processing
2026-03-29 02:19:47,561 [INFO] tts: [TTS] Speaking: 'Processing...'
2026-03-29 02:19:52,434 [INFO] stt: [STT] Transcribing...
2026-03-29 02:19:57,939 [INFO] stt: [STT] Transcribed: "What's the weather today?"
2026-03-29 02:19:57,939 [INFO] assistant: [PTT] Command: "What's the weather today?"
2026-03-29 02:19:57,939 [INFO] assistant: [PTT] Response: "I heard you say: What's the weather today?. I'm not sure how to help with that yet."
2026-03-29 02:19:57,940 [INFO] assistant: [STATE] → speaking
2026-03-29 02:19:57,940 [INFO] tts: [TTS] Speaking: "I heard you say: What's the weather today?. I'm not sure how to help with that yet."
2026-03-29 02:20:07,552 [INFO] assistant: [STATE] → idle
2026-03-29 02:20:07,552 [INFO] assistant: [PTT] Ready — press F12 to speak.
2026-03-29 02:23:07,617 [INFO] assistant: ==================================================
2026-03-29 02:23:07,617 [INFO] assistant:   CannaKit Voice Assistant Starting
2026-03-29 02:23:07,617 [INFO] assistant: ==================================================
2026-03-29 02:23:07,617 [INFO] assistant: [ASSISTANT] Loading Whisper model (first run may take a moment)...
2026-03-29 02:23:09,650 [INFO] stt: [STT] Loading Whisper model: base.en
2026-03-29 02:23:11,083 [INFO] stt: [STT] Whisper model loaded.
2026-03-29 02:23:11,084 [INFO] assistant: [ASSISTANT] Whisper ready.
2026-03-29 02:23:11,084 [INFO] tts: [TTS] Speaking: 'CannaKit voice assistant ready. Say hey cannakit to begin.'
2026-03-29 02:23:19,585 [INFO] wakeword: [WAKEWORD] Loading model: /home/pi/app/assistant/venv/lib/python3.13/site-packages/openwakeword/resources/models/hey_jarvis_v0.1.onnx
2026-03-29 02:23:20,170 [INFO] wakeword: [WAKEWORD] Model loaded.
2026-03-29 02:23:20,171 [INFO] wakeword: [WAKEWORD] Starting listen loop...
2026-03-29 02:23:20,171 [INFO] wakeword: [WAKEWORD] Detector started.
2026-03-29 02:23:20,171 [INFO] assistant: [ASSISTANT] Listening for wake word: 'hey jarvis'
2026-03-29 02:23:20,171 [INFO] assistant: [ASSISTANT] (Custom 'hey cannakit' model can be trained later)
2026-03-29 02:23:20,171 [INFO] assistant: [ASSISTANT] Press Ctrl+C to stop.
2026-03-29 02:27:06,850 [INFO] assistant: ==================================================
2026-03-29 02:27:06,850 [INFO] assistant:   CannaKit Voice Assistant Starting
2026-03-29 02:27:06,850 [INFO] assistant: ==================================================
2026-03-29 02:27:06,850 [INFO] assistant: [ASSISTANT] Loading Whisper model (first run may take a moment)...
2026-03-29 02:27:09,112 [INFO] stt: [STT] Loading Whisper model: base.en
2026-03-29 02:27:10,503 [INFO] stt: [STT] Whisper model loaded.
2026-03-29 02:27:10,504 [INFO] assistant: [ASSISTANT] Whisper ready.
2026-03-29 02:27:10,504 [INFO] tts: [TTS] Speaking: 'CannaKit voice assistant ready. Say hey cannakit to begin.'
2026-03-29 02:27:18,987 [INFO] wakeword: [WAKEWORD] Loading model: /home/pi/app/assistant/venv/lib/python3.13/site-packages/openwakeword/resources/models/hey_jarvis_v0.1.onnx
2026-03-29 02:27:19,586 [INFO] wakeword: [WAKEWORD] Model loaded.
2026-03-29 02:27:19,587 [INFO] wakeword: [WAKEWORD] Starting listen loop...
2026-03-29 02:27:19,587 [INFO] wakeword: [WAKEWORD] Detector started.
2026-03-29 02:27:19,587 [INFO] assistant: [ASSISTANT] Listening for wake word: 'hey jarvis'
2026-03-29 02:27:19,587 [INFO] assistant: [ASSISTANT] (Custom 'hey cannakit' model can be trained later)
2026-03-29 02:27:19,587 [INFO] assistant: [ASSISTANT] Press Ctrl+C to stop.
2026-03-29 02:27:35,204 [INFO] assistant: [STATE] → recording
2026-03-29 02:27:35,205 [INFO] assistant: [PTT] Recording...
2026-03-29 02:27:35,461 [INFO] assistant: [PTT] Busy — ignoring keypress
2026-03-29 02:27:35,501 [INFO] assistant: [PTT] Busy — ignoring keypress
2026-03-29 02:27:35,541 [INFO] assistant: [PTT] Busy — ignoring keypress
2026-03-29 02:27:35,585 [INFO] assistant: [PTT] Busy — ignoring keypress
2026-03-29 02:27:35,629 [INFO] assistant: [PTT] Busy — ignoring keypress
2026-03-29 02:27:35,669 [INFO] assistant: [PTT] Busy — ignoring keypress
2026-03-29 02:27:35,709 [INFO] assistant: [PTT] Busy — ignoring keypress
2026-03-29 02:27:35,753 [INFO] assistant: [PTT] Busy — ignoring keypress
2026-03-29 02:27:35,793 [INFO] assistant: [PTT] Busy — ignoring keypress
2026-03-29 02:27:35,833 [INFO] assistant: [PTT] Busy — ignoring keypress
2026-03-29 02:27:35,877 [INFO] assistant: [PTT] Busy — ignoring keypress
2026-03-29 02:27:35,917 [INFO] assistant: [PTT] Busy — ignoring keypress
2026-03-29 02:27:35,961 [INFO] assistant: [PTT] Busy — ignoring keypress
2026-03-29 02:27:36,001 [INFO] assistant: [PTT] Busy — ignoring keypress
2026-03-29 02:27:36,045 [INFO] assistant: [PTT] Busy — ignoring keypress
2026-03-29 02:27:36,085 [INFO] assistant: [PTT] Busy — ignoring keypress
2026-03-29 02:27:36,129 [INFO] assistant: [PTT] Busy — ignoring keypress
2026-03-29 02:27:36,169 [INFO] assistant: [PTT] Busy — ignoring keypress
2026-03-29 02:27:36,209 [INFO] assistant: [PTT] Busy — ignoring keypress
2026-03-29 02:27:36,249 [INFO] assistant: [PTT] Busy — ignoring keypress
2026-03-29 02:27:36,289 [INFO] assistant: [PTT] Busy — ignoring keypress
2026-03-29 02:27:36,329 [INFO] assistant: [PTT] Busy — ignoring keypress
2026-03-29 02:27:36,372 [INFO] assistant: [PTT] Busy — ignoring keypress
2026-03-29 02:27:36,413 [INFO] assistant: [PTT] Busy — ignoring keypress
2026-03-29 02:27:36,454 [INFO] assistant: [PTT] Busy — ignoring keypress
2026-03-29 02:27:36,493 [INFO] assistant: [PTT] Busy — ignoring keypress
2026-03-29 02:27:36,533 [INFO] assistant: [PTT] Busy — ignoring keypress
2026-03-29 02:27:36,573 [INFO] assistant: [PTT] Busy — ignoring keypress
2026-03-29 02:27:36,613 [INFO] assistant: [PTT] Busy — ignoring keypress
2026-03-29 02:27:36,653 [INFO] assistant: [PTT] Busy — ignoring keypress
2026-03-29 02:27:36,696 [INFO] assistant: [PTT] Busy — ignoring keypress
2026-03-29 02:27:36,733 [INFO] assistant: [PTT] Busy — ignoring keypress
2026-03-29 02:27:36,780 [INFO] assistant: [PTT] Busy — ignoring keypress
2026-03-29 02:27:36,822 [INFO] assistant: [PTT] Busy — ignoring keypress
2026-03-29 02:27:36,862 [INFO] assistant: [PTT] Busy — ignoring keypress
2026-03-29 02:27:36,901 [INFO] assistant: [PTT] Busy — ignoring keypress
2026-03-29 02:27:36,941 [INFO] assistant: [PTT] Busy — ignoring keypress
2026-03-29 02:27:36,985 [INFO] assistant: [PTT] Busy — ignoring keypress
2026-03-29 02:27:37,025 [INFO] assistant: [PTT] Busy — ignoring keypress
2026-03-29 02:27:37,065 [INFO] assistant: [PTT] Busy — ignoring keypress
2026-03-29 02:27:37,105 [INFO] assistant: [PTT] Busy — ignoring keypress
2026-03-29 02:27:37,150 [INFO] assistant: [PTT] Busy — ignoring keypress
2026-03-29 02:27:37,189 [INFO] assistant: [PTT] Busy — ignoring keypress
2026-03-29 02:27:37,233 [INFO] assistant: [PTT] Busy — ignoring keypress
2026-03-29 02:27:37,273 [INFO] assistant: [PTT] Busy — ignoring keypress
2026-03-29 02:27:37,317 [INFO] assistant: [PTT] Busy — ignoring keypress
2026-03-29 02:27:37,357 [INFO] assistant: [PTT] Busy — ignoring keypress
2026-03-29 02:27:37,397 [INFO] assistant: [PTT] Busy — ignoring keypress
2026-03-29 02:27:37,437 [INFO] assistant: [PTT] Busy — ignoring keypress
2026-03-29 02:27:37,477 [INFO] assistant: [PTT] Busy — ignoring keypress
2026-03-29 02:27:37,521 [INFO] assistant: [PTT] Busy — ignoring keypress
2026-03-29 02:27:37,565 [INFO] assistant: [PTT] Busy — ignoring keypress
2026-03-29 02:27:37,609 [INFO] assistant: [PTT] Busy — ignoring keypress
2026-03-29 02:27:37,651 [INFO] assistant: [PTT] Busy — ignoring keypress
2026-03-29 02:27:37,693 [INFO] assistant: [PTT] Busy — ignoring keypress
2026-03-29 02:27:37,734 [INFO] assistant: [PTT] Busy — ignoring keypress
2026-03-29 02:27:37,777 [INFO] assistant: [PTT] Busy — ignoring keypress
2026-03-29 02:27:37,818 [INFO] assistant: [PTT] Busy — ignoring keypress
2026-03-29 02:27:38,128 [INFO] assistant: [PTT] Recorded 2.9s
2026-03-29 02:27:38,129 [INFO] assistant: [STATE] → processing
2026-03-29 02:27:38,129 [INFO] tts: [TTS] Speaking: 'Processing...'
2026-03-29 02:27:42,971 [INFO] stt: [STT] Transcribing...
2026-03-29 02:27:48,727 [INFO] stt: [STT] Transcribed: "Hey Jarvis, what's the weather today?"
2026-03-29 02:27:48,728 [INFO] assistant: [PTT] Command: "Hey Jarvis, what's the weather today?"
2026-03-29 02:27:48,728 [INFO] assistant: [PTT] Response: "I heard you say: Hey Jarvis, what's the weather today?. I'm not sure how to help with that yet."
2026-03-29 02:27:48,728 [INFO] assistant: [STATE] → speaking
2026-03-29 02:27:48,728 [INFO] tts: [TTS] Speaking: "I heard you say: Hey Jarvis, what's the weather today?. I'm not sure how to help with that yet."
2026-03-29 02:27:58,616 [INFO] assistant: [STATE] → idle
2026-03-29 02:27:58,616 [INFO] assistant: [PTT] Ready — press F12 to speak.
2026-03-29 02:37:15,270 [INFO] assistant: ==================================================
2026-03-29 02:37:15,272 [INFO] assistant:   CannaKit Voice Assistant Starting
2026-03-29 02:37:15,272 [INFO] assistant: ==================================================
2026-03-29 02:37:15,272 [INFO] assistant: [ASSISTANT] Loading Whisper model (first run may take a moment)...
2026-03-29 02:37:17,532 [INFO] stt: [STT] Loading Whisper model: base.en
2026-03-29 02:37:18,935 [INFO] stt: [STT] Whisper model loaded.
2026-03-29 02:37:18,936 [INFO] assistant: [ASSISTANT] Whisper ready.
2026-03-29 02:37:18,936 [INFO] tts: [TTS] Speaking: 'CannaKit voice assistant ready. Say hey cannakit to begin.'
2026-03-29 02:39:07,210 [INFO] assistant: ==================================================
2026-03-29 02:39:07,210 [INFO] assistant:   CannaKit Voice Assistant Starting
2026-03-29 02:39:07,210 [INFO] assistant: ==================================================
2026-03-29 02:39:07,210 [INFO] assistant: [ASSISTANT] Loading Whisper model (first run may take a moment)...
2026-03-29 02:39:09,514 [INFO] stt: [STT] Loading Whisper model: base.en
2026-03-29 02:39:10,916 [INFO] stt: [STT] Whisper model loaded.
2026-03-29 02:39:10,917 [INFO] assistant: [ASSISTANT] Whisper ready.
2026-03-29 02:39:10,917 [INFO] tts: [TTS] Speaking: 'CannaKit voice assistant ready. Say hey cannakit to begin.'
2026-03-29 02:39:19,328 [INFO] wakeword: [WAKEWORD] Loading model: /home/pi/app/assistant/venv/lib/python3.13/site-packages/openwakeword/resources/models/hey_jarvis_v0.1.onnx
2026-03-29 02:39:19,899 [INFO] wakeword: [WAKEWORD] Model loaded.
2026-03-29 02:39:19,900 [INFO] wakeword: [WAKEWORD] Starting listen loop...
2026-03-29 02:39:19,900 [INFO] wakeword: [WAKEWORD] Detector started.
2026-03-29 02:39:19,900 [INFO] assistant: [ASSISTANT] Listening for wake word: 'hey jarvis'
2026-03-29 02:39:19,901 [INFO] assistant: [ASSISTANT] (Custom 'hey cannakit' model can be trained later)
2026-03-29 02:39:19,901 [INFO] assistant: [ASSISTANT] Press Ctrl+C to stop.
2026-03-29 02:39:22,373 [INFO] assistant: [STATE] → recording
2026-03-29 02:39:22,374 [INFO] assistant: [PTT] Recording...
2026-03-29 02:39:22,629 [INFO] assistant: [PTT] Busy — ignoring keypress
2026-03-29 02:39:22,670 [INFO] assistant: [PTT] Busy — ignoring keypress
2026-03-29 02:39:22,713 [INFO] assistant: [PTT] Busy — ignoring keypress
2026-03-29 02:39:22,753 [INFO] assistant: [PTT] Busy — ignoring keypress
2026-03-29 02:39:22,793 [INFO] assistant: [PTT] Busy — ignoring keypress
2026-03-29 02:39:22,834 [INFO] assistant: [PTT] Busy — ignoring keypress
2026-03-29 02:39:22,874 [INFO] assistant: [PTT] Busy — ignoring keypress
2026-03-29 02:39:22,917 [INFO] assistant: [PTT] Busy — ignoring keypress
2026-03-29 02:39:22,961 [INFO] assistant: [PTT] Busy — ignoring keypress
2026-03-29 02:39:23,001 [INFO] assistant: [PTT] Busy — ignoring keypress
2026-03-29 02:39:23,041 [INFO] assistant: [PTT] Busy — ignoring keypress
2026-03-29 02:39:23,082 [INFO] assistant: [PTT] Busy — ignoring keypress
2026-03-29 02:39:23,121 [INFO] assistant: [PTT] Busy — ignoring keypress
2026-03-29 02:39:23,161 [INFO] assistant: [PTT] Busy — ignoring keypress
2026-03-29 02:39:23,201 [INFO] assistant: [PTT] Busy — ignoring keypress
2026-03-29 02:39:23,241 [INFO] assistant: [PTT] Busy — ignoring keypress
2026-03-29 02:39:23,281 [INFO] assistant: [PTT] Busy — ignoring keypress
2026-03-29 02:39:23,321 [INFO] assistant: [PTT] Busy — ignoring keypress
2026-03-29 02:39:23,361 [INFO] assistant: [PTT] Busy — ignoring keypress
2026-03-29 02:39:23,401 [INFO] assistant: [PTT] Busy — ignoring keypress
2026-03-29 02:39:23,445 [INFO] assistant: [PTT] Busy — ignoring keypress
2026-03-29 02:39:23,485 [INFO] assistant: [PTT] Busy — ignoring keypress
2026-03-29 02:39:23,525 [INFO] assistant: [PTT] Busy — ignoring keypress
2026-03-29 02:39:23,565 [INFO] assistant: [PTT] Busy — ignoring keypress
2026-03-29 02:39:23,605 [INFO] assistant: [PTT] Busy — ignoring keypress
2026-03-29 02:39:23,649 [INFO] assistant: [PTT] Busy — ignoring keypress
2026-03-29 02:39:23,689 [INFO] assistant: [PTT] Busy — ignoring keypress
2026-03-29 02:39:23,729 [INFO] assistant: [PTT] Busy — ignoring keypress
2026-03-29 02:39:23,770 [INFO] assistant: [PTT] Busy — ignoring keypress
2026-03-29 02:39:23,809 [INFO] assistant: [PTT] Busy — ignoring keypress
2026-03-29 02:39:23,854 [INFO] assistant: [PTT] Busy — ignoring keypress
2026-03-29 02:39:23,895 [INFO] assistant: [PTT] Busy — ignoring keypress
2026-03-29 02:39:23,933 [INFO] assistant: [PTT] Busy — ignoring keypress
2026-03-29 02:39:23,974 [INFO] assistant: [PTT] Busy — ignoring keypress
2026-03-29 02:39:24,015 [INFO] assistant: [PTT] Busy — ignoring keypress
2026-03-29 02:39:24,057 [INFO] assistant: [PTT] Busy — ignoring keypress
2026-03-29 02:39:24,098 [INFO] assistant: [PTT] Busy — ignoring keypress
2026-03-29 02:39:24,141 [INFO] assistant: [PTT] Busy — ignoring keypress
2026-03-29 02:39:24,183 [INFO] assistant: [PTT] Busy — ignoring keypress
2026-03-29 02:39:24,221 [INFO] assistant: [PTT] Busy — ignoring keypress
2026-03-29 02:39:24,265 [INFO] assistant: [PTT] Busy — ignoring keypress
2026-03-29 02:39:24,309 [INFO] assistant: [PTT] Busy — ignoring keypress
2026-03-29 02:39:24,349 [INFO] assistant: [PTT] Busy — ignoring keypress
2026-03-29 02:39:24,393 [INFO] assistant: [PTT] Busy — ignoring keypress
2026-03-29 02:39:24,433 [INFO] assistant: [PTT] Busy — ignoring keypress
2026-03-29 02:39:24,476 [INFO] assistant: [PTT] Busy — ignoring keypress
2026-03-29 02:39:24,513 [INFO] assistant: [PTT] Busy — ignoring keypress
2026-03-29 02:39:24,553 [INFO] assistant: [PTT] Busy — ignoring keypress
2026-03-29 02:39:24,593 [INFO] assistant: [PTT] Busy — ignoring keypress
2026-03-29 02:39:24,633 [INFO] assistant: [PTT] Busy — ignoring keypress
2026-03-29 02:39:24,677 [INFO] assistant: [PTT] Busy — ignoring keypress
2026-03-29 02:39:24,718 [INFO] assistant: [PTT] Busy — ignoring keypress
2026-03-29 02:39:24,761 [INFO] assistant: [PTT] Busy — ignoring keypress
2026-03-29 02:39:24,805 [INFO] assistant: [PTT] Busy — ignoring keypress
2026-03-29 02:39:24,849 [INFO] assistant: [PTT] Busy — ignoring keypress
2026-03-29 02:39:24,893 [INFO] assistant: [PTT] Busy — ignoring keypress
2026-03-29 02:39:25,249 [INFO] assistant: [PTT] Recorded 2.9s
2026-03-29 02:39:25,249 [INFO] assistant: [STATE] → processing
2026-03-29 02:39:25,250 [INFO] tts: [TTS] Speaking: 'Processing...'
2026-03-29 02:39:29,811 [INFO] stt: [STT] Transcribing...
2026-03-29 02:39:34,931 [INFO] stt: [STT] Transcribed: 'What is the weather today?'
2026-03-29 02:39:34,931 [INFO] assistant: [PTT] Command: 'What is the weather today?'
2026-03-29 02:39:34,931 [INFO] assistant: [PTT] Response: "I heard you say: What is the weather today?. I'm not sure how to help with that yet."
2026-03-29 02:39:34,931 [INFO] assistant: [STATE] → speaking
2026-03-29 02:39:34,931 [INFO] tts: [TTS] Speaking: "I heard you say: What is the weather today?. I'm not sure how to help with that yet."
2026-03-29 02:39:44,643 [INFO] assistant: [STATE] → idle
2026-03-29 02:39:44,643 [INFO] assistant: [PTT] Ready — press F12 to speak.
2026-03-29 02:43:26,205 [INFO] assistant: ==================================================
2026-03-29 02:43:26,205 [INFO] assistant:   CannaKit Voice Assistant Starting
2026-03-29 02:43:26,206 [INFO] assistant: ==================================================
2026-03-29 02:43:26,206 [INFO] assistant: [ASSISTANT] Loading Whisper model (first run may take a moment)...
2026-03-29 02:43:28,477 [INFO] stt: [STT] Loading Whisper model: base.en
2026-03-29 02:43:29,937 [INFO] stt: [STT] Whisper model loaded.
2026-03-29 02:43:29,938 [INFO] assistant: [ASSISTANT] Whisper ready.
2026-03-29 02:43:29,938 [INFO] tts: [TTS] Speaking: 'CannaKit voice assistant ready. Say hey cannakit to begin.'
2026-03-29 02:43:38,498 [INFO] wakeword: [WAKEWORD] Loading model: /home/pi/app/assistant/venv/lib/python3.13/site-packages/openwakeword/resources/models/hey_jarvis_v0.1.onnx
2026-03-29 02:43:39,081 [INFO] wakeword: [WAKEWORD] Model loaded.
2026-03-29 02:43:39,082 [INFO] wakeword: [WAKEWORD] Starting listen loop...
2026-03-29 02:43:39,082 [INFO] wakeword: [WAKEWORD] Detector started.
2026-03-29 02:43:39,082 [INFO] assistant: [ASSISTANT] Listening for wake word: 'hey jarvis'
2026-03-29 02:43:39,082 [INFO] assistant: [ASSISTANT] (Custom 'hey cannakit' model can be trained later)
2026-03-29 02:43:39,082 [INFO] assistant: [ASSISTANT] Press Ctrl+C to stop.
2026-03-29 02:43:45,401 [INFO] assistant: [STATE] → recording
2026-03-29 02:43:45,403 [INFO] assistant: [PTT] Recording...
2026-03-29 02:43:45,670 [INFO] assistant: [PTT] Busy — ignoring keypress
2026-03-29 02:43:45,709 [INFO] assistant: [PTT] Busy — ignoring keypress
2026-03-29 02:43:45,749 [INFO] assistant: [PTT] Busy — ignoring keypress
2026-03-29 02:43:45,789 [INFO] assistant: [PTT] Busy — ignoring keypress
2026-03-29 02:43:45,829 [INFO] assistant: [PTT] Busy — ignoring keypress
2026-03-29 02:43:45,873 [INFO] assistant: [PTT] Busy — ignoring keypress
2026-03-29 02:43:45,918 [INFO] assistant: [PTT] Busy — ignoring keypress
2026-03-29 02:43:45,957 [INFO] assistant: [PTT] Busy — ignoring keypress
2026-03-29 02:43:46,003 [INFO] assistant: [PTT] Busy — ignoring keypress
2026-03-29 02:43:46,042 [INFO] assistant: [PTT] Busy — ignoring keypress
2026-03-29 02:43:46,086 [INFO] assistant: [PTT] Busy — ignoring keypress
2026-03-29 02:43:46,133 [INFO] assistant: [PTT] Busy — ignoring keypress
2026-03-29 02:43:46,173 [INFO] assistant: [PTT] Busy — ignoring keypress
2026-03-29 02:43:46,218 [INFO] assistant: [PTT] Busy — ignoring keypress
2026-03-29 02:43:46,257 [INFO] assistant: [PTT] Busy — ignoring keypress
2026-03-29 02:43:46,297 [INFO] assistant: [PTT] Busy — ignoring keypress
2026-03-29 02:43:46,341 [INFO] assistant: [PTT] Busy — ignoring keypress
2026-03-29 02:43:46,381 [INFO] assistant: [PTT] Busy — ignoring keypress
2026-03-29 02:43:46,425 [INFO] assistant: [PTT] Busy — ignoring keypress
2026-03-29 02:43:46,465 [INFO] assistant: [PTT] Busy — ignoring keypress
2026-03-29 02:43:46,505 [INFO] assistant: [PTT] Busy — ignoring keypress
2026-03-29 02:43:46,545 [INFO] assistant: [PTT] Busy — ignoring keypress
2026-03-29 02:43:46,589 [INFO] assistant: [PTT] Busy — ignoring keypress
2026-03-29 02:43:46,629 [INFO] assistant: [PTT] Busy — ignoring keypress
2026-03-29 02:43:46,669 [INFO] assistant: [PTT] Busy — ignoring keypress
2026-03-29 02:43:46,709 [INFO] assistant: [PTT] Busy — ignoring keypress
2026-03-29 02:43:46,749 [INFO] assistant: [PTT] Busy — ignoring keypress
2026-03-29 02:43:46,789 [INFO] assistant: [PTT] Busy — ignoring keypress
2026-03-29 02:43:46,830 [INFO] assistant: [PTT] Busy — ignoring keypress
2026-03-29 02:43:46,870 [INFO] assistant: [PTT] Busy — ignoring keypress
2026-03-29 02:43:46,911 [INFO] assistant: [PTT] Busy — ignoring keypress
2026-03-29 02:43:46,953 [INFO] assistant: [PTT] Busy — ignoring keypress
2026-03-29 02:43:46,994 [INFO] assistant: [PTT] Busy — ignoring keypress
2026-03-29 02:43:47,034 [INFO] assistant: [PTT] Busy — ignoring keypress
2026-03-29 02:43:47,073 [INFO] assistant: [PTT] Busy — ignoring keypress
2026-03-29 02:43:47,114 [INFO] assistant: [PTT] Busy — ignoring keypress
2026-03-29 02:43:47,153 [INFO] assistant: [PTT] Busy — ignoring keypress
2026-03-29 02:43:47,193 [INFO] assistant: [PTT] Busy — ignoring keypress
2026-03-29 02:43:47,236 [INFO] assistant: [PTT] Busy — ignoring keypress
2026-03-29 02:43:47,277 [INFO] assistant: [PTT] Busy — ignoring keypress
2026-03-29 02:43:47,319 [INFO] assistant: [PTT] Busy — ignoring keypress
2026-03-29 02:43:47,361 [INFO] assistant: [PTT] Busy — ignoring keypress
2026-03-29 02:43:47,401 [INFO] assistant: [PTT] Busy — ignoring keypress
2026-03-29 02:43:47,441 [INFO] assistant: [PTT] Busy — ignoring keypress
2026-03-29 02:43:47,482 [INFO] assistant: [PTT] Busy — ignoring keypress
2026-03-29 02:43:47,525 [INFO] assistant: [PTT] Busy — ignoring keypress
2026-03-29 02:43:47,569 [INFO] assistant: [PTT] Busy — ignoring keypress
2026-03-29 02:43:47,609 [INFO] assistant: [PTT] Busy — ignoring keypress
2026-03-29 02:43:47,649 [INFO] assistant: [PTT] Busy — ignoring keypress
2026-03-29 02:43:47,689 [INFO] assistant: [PTT] Busy — ignoring keypress
2026-03-29 02:43:47,729 [INFO] assistant: [PTT] Busy — ignoring keypress
2026-03-29 02:43:47,769 [INFO] assistant: [PTT] Busy — ignoring keypress
2026-03-29 02:43:47,811 [INFO] assistant: [PTT] Busy — ignoring keypress
2026-03-29 02:43:47,853 [INFO] assistant: [PTT] Busy — ignoring keypress
2026-03-29 02:43:47,893 [INFO] assistant: [PTT] Busy — ignoring keypress
2026-03-29 02:43:47,933 [INFO] assistant: [PTT] Busy — ignoring keypress
2026-03-29 02:43:47,977 [INFO] assistant: [PTT] Busy — ignoring keypress
2026-03-29 02:43:48,017 [INFO] assistant: [PTT] Busy — ignoring keypress
2026-03-29 02:43:48,061 [INFO] assistant: [PTT] Busy — ignoring keypress
2026-03-29 02:43:48,101 [INFO] assistant: [PTT] Busy — ignoring keypress
2026-03-29 02:43:48,145 [INFO] assistant: [PTT] Busy — ignoring keypress
2026-03-29 02:43:48,185 [INFO] assistant: [PTT] Busy — ignoring keypress
2026-03-29 02:43:48,225 [INFO] assistant: [PTT] Busy — ignoring keypress
2026-03-29 02:43:48,266 [INFO] assistant: [PTT] Busy — ignoring keypress
2026-03-29 02:43:48,305 [INFO] assistant: [PTT] Busy — ignoring keypress
2026-03-29 02:43:48,345 [INFO] assistant: [PTT] Busy — ignoring keypress
2026-03-29 02:43:48,385 [INFO] assistant: [PTT] Busy — ignoring keypress
2026-03-29 02:43:48,425 [INFO] assistant: [PTT] Busy — ignoring keypress
2026-03-29 02:43:48,776 [INFO] assistant: [PTT] Recorded 3.4s
2026-03-29 02:43:48,777 [INFO] assistant: [STATE] → processing
2026-03-29 02:43:48,777 [INFO] tts: [TTS] Speaking: 'Processing...'
2026-03-29 02:43:53,290 [INFO] stt: [STT] Transcribing...
2026-03-29 02:44:00,056 [INFO] stt: [STT] Transcribed: "Hey, cannequette, what's the weather today?"
2026-03-29 02:44:00,057 [INFO] assistant: [PTT] Command: "Hey, cannequette, what's the weather today?"
2026-03-29 02:44:00,057 [INFO] assistant: [PTT] Response: "I heard you say: Hey, cannequette, what's the weather today?. I'm not sure how to help with that yet."
2026-03-29 02:44:00,057 [INFO] assistant: [STATE] → speaking
2026-03-29 02:44:00,057 [INFO] tts: [TTS] Speaking: "I heard you say: Hey, cannequette, what's the weather today?. I'm not sure how to help with that yet."
2026-03-29 02:44:10,487 [INFO] assistant: [STATE] → idle
2026-03-29 02:44:10,487 [INFO] assistant: [PTT] Ready — press F12 to speak.
2026-03-29 02:49:07,039 [INFO] assistant: [STATE] → recording
2026-03-29 02:49:07,040 [INFO] assistant: [PTT] Recording...
2026-03-29 02:49:07,297 [INFO] assistant: [PTT] Busy — ignoring keypress
2026-03-29 02:49:07,341 [INFO] assistant: [PTT] Busy — ignoring keypress
2026-03-29 02:49:07,381 [INFO] assistant: [PTT] Busy — ignoring keypress
2026-03-29 02:49:07,424 [INFO] assistant: [PTT] Busy — ignoring keypress
2026-03-29 02:49:07,461 [INFO] assistant: [PTT] Busy — ignoring keypress
2026-03-29 02:49:07,508 [INFO] assistant: [PTT] Busy — ignoring keypress
2026-03-29 02:49:07,545 [INFO] assistant: [PTT] Busy — ignoring keypress
2026-03-29 02:49:07,585 [INFO] assistant: [PTT] Busy — ignoring keypress
2026-03-29 02:49:07,625 [INFO] assistant: [PTT] Busy — ignoring keypress
2026-03-29 02:49:07,665 [INFO] assistant: [PTT] Busy — ignoring keypress
2026-03-29 02:49:07,705 [INFO] assistant: [PTT] Busy — ignoring keypress
2026-03-29 02:49:07,745 [INFO] assistant: [PTT] Busy — ignoring keypress
2026-03-29 02:49:07,786 [INFO] assistant: [PTT] Busy — ignoring keypress
2026-03-29 02:49:07,826 [INFO] assistant: [PTT] Busy — ignoring keypress
2026-03-29 02:49:07,865 [INFO] assistant: [PTT] Busy — ignoring keypress
2026-03-29 02:49:07,905 [INFO] assistant: [PTT] Busy — ignoring keypress
2026-03-29 02:49:07,945 [INFO] assistant: [PTT] Busy — ignoring keypress
2026-03-29 02:49:07,985 [INFO] assistant: [PTT] Busy — ignoring keypress
2026-03-29 02:49:08,025 [INFO] assistant: [PTT] Busy — ignoring keypress
2026-03-29 02:49:08,066 [INFO] assistant: [PTT] Busy — ignoring keypress
2026-03-29 02:49:08,109 [INFO] assistant: [PTT] Busy — ignoring keypress
2026-03-29 02:49:08,149 [INFO] assistant: [PTT] Busy — ignoring keypress
2026-03-29 02:49:08,189 [INFO] assistant: [PTT] Busy — ignoring keypress
2026-03-29 02:49:08,234 [INFO] assistant: [PTT] Busy — ignoring keypress
2026-03-29 02:49:08,273 [INFO] assistant: [PTT] Busy — ignoring keypress
2026-03-29 02:49:08,317 [INFO] assistant: [PTT] Busy — ignoring keypress
2026-03-29 02:49:08,357 [INFO] assistant: [PTT] Busy — ignoring keypress
2026-03-29 02:49:08,397 [INFO] assistant: [PTT] Busy — ignoring keypress
2026-03-29 02:49:08,441 [INFO] assistant: [PTT] Busy — ignoring keypress
2026-03-29 02:49:08,481 [INFO] assistant: [PTT] Busy — ignoring keypress
2026-03-29 02:49:08,521 [INFO] assistant: [PTT] Busy — ignoring keypress
2026-03-29 02:49:08,561 [INFO] assistant: [PTT] Busy — ignoring keypress
2026-03-29 02:49:08,601 [INFO] assistant: [PTT] Busy — ignoring keypress
2026-03-29 02:49:08,645 [INFO] assistant: [PTT] Busy — ignoring keypress
2026-03-29 02:49:08,686 [INFO] assistant: [PTT] Busy — ignoring keypress
2026-03-29 02:49:08,725 [INFO] assistant: [PTT] Busy — ignoring keypress
2026-03-29 02:49:08,765 [INFO] assistant: [PTT] Busy — ignoring keypress
2026-03-29 02:49:08,805 [INFO] assistant: [PTT] Busy — ignoring keypress
2026-03-29 02:49:08,849 [INFO] assistant: [PTT] Busy — ignoring keypress
2026-03-29 02:49:08,885 [INFO] assistant: [PTT] Busy — ignoring keypress
2026-03-29 02:49:08,925 [INFO] assistant: [PTT] Busy — ignoring keypress
2026-03-29 02:49:08,965 [INFO] assistant: [PTT] Busy — ignoring keypress
2026-03-29 02:49:09,005 [INFO] assistant: [PTT] Busy — ignoring keypress
2026-03-29 02:49:09,045 [INFO] assistant: [PTT] Busy — ignoring keypress
2026-03-29 02:49:09,086 [INFO] assistant: [PTT] Busy — ignoring keypress
2026-03-29 02:49:09,125 [INFO] assistant: [PTT] Busy — ignoring keypress
2026-03-29 02:49:09,166 [INFO] assistant: [PTT] Busy — ignoring keypress
2026-03-29 02:49:09,209 [INFO] assistant: [PTT] Busy — ignoring keypress
2026-03-29 02:49:09,250 [INFO] assistant: [PTT] Busy — ignoring keypress
2026-03-29 02:49:09,289 [INFO] assistant: [PTT] Busy — ignoring keypress
2026-03-29 02:49:09,329 [INFO] assistant: [PTT] Busy — ignoring keypress
2026-03-29 02:49:09,369 [INFO] assistant: [PTT] Busy — ignoring keypress
2026-03-29 02:49:09,409 [INFO] assistant: [PTT] Busy — ignoring keypress
2026-03-29 02:49:09,450 [INFO] assistant: [PTT] Busy — ignoring keypress
2026-03-29 02:49:09,489 [INFO] assistant: [PTT] Busy — ignoring keypress
2026-03-29 02:49:09,529 [INFO] assistant: [PTT] Busy — ignoring keypress
2026-03-29 02:49:09,573 [INFO] assistant: [PTT] Busy — ignoring keypress
2026-03-29 02:49:09,613 [INFO] assistant: [PTT] Busy — ignoring keypress
2026-03-29 02:49:09,654 [INFO] assistant: [PTT] Busy — ignoring keypress
2026-03-29 02:49:09,697 [INFO] assistant: [PTT] Busy — ignoring keypress
2026-03-29 02:49:09,742 [INFO] assistant: [PTT] Busy — ignoring keypress
2026-03-29 02:49:10,067 [INFO] assistant: [PTT] Recorded 3.0s
2026-03-29 02:49:10,067 [INFO] assistant: [STATE] → processing
2026-03-29 02:49:10,067 [INFO] tts: [TTS] Speaking: 'Processing...'
2026-03-29 02:49:15,107 [INFO] stt: [STT] Transcribing...
2026-03-29 02:49:20,698 [INFO] stt: [STT] Transcribed: 'What is the weather today?'
2026-03-29 02:49:20,699 [INFO] assistant: [PTT] Command: 'What is the weather today?'
2026-03-29 02:49:20,707 [INFO] assistant: [PTT] Response: "I heard you say: What is the weather today?. I'm not sure how to help with that yet."
2026-03-29 02:49:20,707 [INFO] assistant: [STATE] → speaking
2026-03-29 02:49:20,707 [INFO] tts: [TTS] Speaking: "I heard you say: What is the weather today?. I'm not sure how to help with that yet."
2026-03-29 02:49:30,114 [INFO] assistant: [STATE] → idle
2026-03-29 02:49:30,115 [INFO] assistant: [PTT] Ready — press F12 to speak.
2026-03-29 02:51:16,350 [INFO] assistant: ==================================================
2026-03-29 02:51:16,350 [INFO] assistant:   CannaKit Voice Assistant Starting
2026-03-29 02:51:16,350 [INFO] assistant: ==================================================
2026-03-29 02:51:16,350 [INFO] assistant: [ASSISTANT] Loading Whisper model (first run may take a moment)...
2026-03-29 02:51:18,586 [INFO] stt: [STT] Loading Whisper model: base.en
2026-03-29 02:51:19,995 [INFO] stt: [STT] Whisper model loaded.
2026-03-29 02:51:19,995 [INFO] assistant: [ASSISTANT] Whisper ready.
2026-03-29 02:51:19,995 [INFO] tts: [TTS] Speaking: 'CannaKit voice assistant ready. Press F12 to begin.'
2026-03-29 02:51:27,008 [INFO] assistant: [ASSISTANT] Listening for F12 keypress. Ctrl+C to quit.
2026-03-29 02:51:27,009 [INFO] assistant: [F12] Monitoring 11 input device(s) for F12...
2026-03-29 02:51:31,134 [INFO] assistant: [STATE] → recording
2026-03-29 02:51:31,134 [INFO] assistant: [PTT] Recording...
2026-03-29 02:51:31,397 [INFO] assistant: [F12] F12 pressed — triggering assistant
2026-03-29 02:51:31,397 [INFO] assistant: [PTT] Busy — ignoring keypress
2026-03-29 02:51:31,437 [INFO] assistant: [PTT] Busy — ignoring keypress
2026-03-29 02:51:31,477 [INFO] assistant: [PTT] Busy — ignoring keypress
2026-03-29 02:51:31,521 [INFO] assistant: [PTT] Busy — ignoring keypress
2026-03-29 02:51:31,561 [INFO] assistant: [PTT] Busy — ignoring keypress
2026-03-29 02:51:31,601 [INFO] assistant: [PTT] Busy — ignoring keypress
2026-03-29 02:51:31,645 [INFO] assistant: [PTT] Busy — ignoring keypress
2026-03-29 02:51:31,685 [INFO] assistant: [PTT] Busy — ignoring keypress
2026-03-29 02:51:31,725 [INFO] assistant: [PTT] Busy — ignoring keypress
2026-03-29 02:51:31,769 [INFO] assistant: [PTT] Busy — ignoring keypress
2026-03-29 02:51:31,814 [INFO] assistant: [PTT] Busy — ignoring keypress
2026-03-29 02:51:31,854 [INFO] assistant: [PTT] Busy — ignoring keypress
2026-03-29 02:51:31,893 [INFO] assistant: [PTT] Busy — ignoring keypress
2026-03-29 02:51:31,934 [INFO] assistant: [PTT] Busy — ignoring keypress
2026-03-29 02:51:31,973 [INFO] assistant: [PTT] Busy — ignoring keypress
2026-03-29 02:51:32,014 [INFO] assistant: [PTT] Busy — ignoring keypress
2026-03-29 02:51:32,054 [INFO] assistant: [PTT] Busy — ignoring keypress
2026-03-29 02:51:32,097 [INFO] assistant: [PTT] Busy — ignoring keypress
2026-03-29 02:51:32,141 [INFO] assistant: [PTT] Busy — ignoring keypress
2026-03-29 02:51:32,181 [INFO] assistant: [PTT] Busy — ignoring keypress
2026-03-29 02:51:32,222 [INFO] assistant: [PTT] Busy — ignoring keypress
2026-03-29 02:51:32,262 [INFO] assistant: [PTT] Busy — ignoring keypress
2026-03-29 02:51:32,301 [INFO] assistant: [PTT] Busy — ignoring keypress
2026-03-29 02:51:32,345 [INFO] assistant: [PTT] Busy — ignoring keypress
2026-03-29 02:51:32,390 [INFO] assistant: [PTT] Busy — ignoring keypress
2026-03-29 02:51:32,429 [INFO] assistant: [PTT] Busy — ignoring keypress
2026-03-29 02:51:32,473 [INFO] assistant: [PTT] Busy — ignoring keypress
2026-03-29 02:51:32,513 [INFO] assistant: [PTT] Busy — ignoring keypress
2026-03-29 02:51:32,553 [INFO] assistant: [PTT] Busy — ignoring keypress
2026-03-29 02:51:32,597 [INFO] assistant: [PTT] Busy — ignoring keypress
2026-03-29 02:51:32,642 [INFO] assistant: [PTT] Busy — ignoring keypress
2026-03-29 02:51:32,681 [INFO] assistant: [PTT] Busy — ignoring keypress
2026-03-29 02:51:32,725 [INFO] assistant: [PTT] Busy — ignoring keypress
2026-03-29 02:51:32,769 [INFO] assistant: [PTT] Busy — ignoring keypress
2026-03-29 02:51:32,814 [INFO] assistant: [PTT] Busy — ignoring keypress
2026-03-29 02:51:32,857 [INFO] assistant: [PTT] Busy — ignoring keypress
2026-03-29 02:51:32,902 [INFO] assistant: [PTT] Busy — ignoring keypress
2026-03-29 02:51:32,941 [INFO] assistant: [PTT] Busy — ignoring keypress
2026-03-29 02:51:32,985 [INFO] assistant: [PTT] Busy — ignoring keypress
2026-03-29 02:51:33,029 [INFO] assistant: [PTT] Busy — ignoring keypress
2026-03-29 02:51:33,069 [INFO] assistant: [PTT] Busy — ignoring keypress
2026-03-29 02:51:33,109 [INFO] assistant: [PTT] Busy — ignoring keypress
2026-03-29 02:51:33,150 [INFO] assistant: [PTT] Busy — ignoring keypress
2026-03-29 02:51:33,193 [INFO] assistant: [PTT] Busy — ignoring keypress
2026-03-29 02:51:33,234 [INFO] assistant: [PTT] Busy — ignoring keypress
2026-03-29 02:51:33,273 [INFO] assistant: [PTT] Busy — ignoring keypress
2026-03-29 02:51:33,317 [INFO] assistant: [PTT] Busy — ignoring keypress
2026-03-29 02:51:33,361 [INFO] assistant: [PTT] Busy — ignoring keypress
2026-03-29 02:51:33,405 [INFO] assistant: [PTT] Busy — ignoring keypress
2026-03-29 02:51:33,449 [INFO] assistant: [PTT] Busy — ignoring keypress
2026-03-29 02:51:33,489 [INFO] assistant: [PTT] Busy — ignoring keypress
2026-03-29 02:51:33,529 [INFO] assistant: [PTT] Busy — ignoring keypress
2026-03-29 02:51:33,569 [INFO] assistant: [PTT] Busy — ignoring keypress
2026-03-29 02:51:33,609 [INFO] assistant: [PTT] Busy — ignoring keypress
2026-03-29 02:51:33,649 [INFO] assistant: [PTT] Busy — ignoring keypress
2026-03-29 02:51:33,689 [INFO] assistant: [PTT] Busy — ignoring keypress
2026-03-29 02:51:34,055 [INFO] assistant: [PTT] Recorded 2.9s
2026-03-29 02:51:34,055 [INFO] assistant: [STATE] → processing
2026-03-29 02:51:34,055 [INFO] tts: [TTS] Speaking: 'Processing...'
2026-03-29 02:51:38,713 [INFO] stt: [STT] Transcribing...
2026-03-29 02:51:43,220 [INFO] stt: [STT] Transcribed: 'What is the weather today?'
2026-03-29 02:51:43,221 [INFO] assistant: [PTT] Command: 'What is the weather today?'
2026-03-29 02:51:43,222 [INFO] assistant: [PTT] Response: "I heard you say: What is the weather today?. I'm not sure how to help with that yet."
2026-03-29 02:51:43,222 [INFO] assistant: [STATE] → speaking
2026-03-29 02:51:43,223 [INFO] tts: [TTS] Speaking: "I heard you say: What is the weather today?. I'm not sure how to help with that yet."
2026-03-29 02:51:52,295 [INFO] assistant: [STATE] → idle
2026-03-29 02:51:52,295 [INFO] assistant: [PTT] Ready — press F12 to speak.
2026-03-29 02:54:28,491 [INFO] assistant: ==================================================
2026-03-29 02:54:28,492 [INFO] assistant:   CannaKit Voice Assistant Starting
2026-03-29 02:54:28,492 [INFO] assistant: ==================================================
2026-03-29 02:54:28,492 [INFO] assistant: [ASSISTANT] Loading Whisper model (first run may take a moment)...
2026-03-29 02:54:30,780 [INFO] stt: [STT] Loading Whisper model: base.en
2026-03-29 02:54:32,206 [INFO] stt: [STT] Whisper model loaded.
2026-03-29 02:54:32,206 [INFO] assistant: [ASSISTANT] Whisper ready.
2026-03-29 02:54:32,206 [INFO] tts: [TTS] Speaking: 'CannaKit voice assistant ready. Press F12 to begin.'
2026-03-29 02:54:40,140 [INFO] assistant: [ASSISTANT] Listening for F12 keypress. Ctrl+C to quit.
2026-03-29 02:54:40,141 [INFO] assistant: [F12] Monitoring 11 input device(s) for F12...
2026-03-29 02:54:44,230 [INFO] assistant: [STATE] → recording
2026-03-29 02:54:44,231 [INFO] assistant: [PTT] Recording...
2026-03-29 02:54:44,485 [INFO] assistant: [F12] F12 pressed — triggering assistant
2026-03-29 02:54:44,487 [INFO] assistant: [PTT] Busy — ignoring keypress
2026-03-29 02:54:44,526 [INFO] assistant: [PTT] Busy — ignoring keypress
2026-03-29 02:54:44,566 [INFO] assistant: [PTT] Busy — ignoring keypress
2026-03-29 02:54:44,606 [INFO] assistant: [PTT] Busy — ignoring keypress
2026-03-29 02:54:44,645 [INFO] assistant: [PTT] Busy — ignoring keypress
2026-03-29 02:54:44,686 [INFO] assistant: [PTT] Busy — ignoring keypress
2026-03-29 02:54:44,725 [INFO] assistant: [PTT] Busy — ignoring keypress
2026-03-29 02:54:44,771 [INFO] assistant: [PTT] Busy — ignoring keypress
2026-03-29 02:54:44,810 [INFO] assistant: [PTT] Busy — ignoring keypress
2026-03-29 02:54:44,850 [INFO] assistant: [PTT] Busy — ignoring keypress
2026-03-29 02:54:44,893 [INFO] assistant: [PTT] Busy — ignoring keypress
2026-03-29 02:54:44,933 [INFO] assistant: [PTT] Busy — ignoring keypress
2026-03-29 02:54:44,973 [INFO] assistant: [PTT] Busy — ignoring keypress
2026-03-29 02:54:45,013 [INFO] assistant: [PTT] Busy — ignoring keypress
2026-03-29 02:54:45,057 [INFO] assistant: [PTT] Busy — ignoring keypress
2026-03-29 02:54:45,097 [INFO] assistant: [PTT] Busy — ignoring keypress
2026-03-29 02:54:45,141 [INFO] assistant: [PTT] Busy — ignoring keypress
2026-03-29 02:54:45,185 [INFO] assistant: [PTT] Busy — ignoring keypress
2026-03-29 02:54:45,230 [INFO] assistant: [PTT] Busy — ignoring keypress
2026-03-29 02:54:45,273 [INFO] assistant: [PTT] Busy — ignoring keypress
2026-03-29 02:54:45,314 [INFO] assistant: [PTT] Busy — ignoring keypress
2026-03-29 02:54:45,357 [INFO] assistant: [PTT] Busy — ignoring keypress
2026-03-29 02:54:45,397 [INFO] assistant: [PTT] Busy — ignoring keypress
2026-03-29 02:54:45,437 [INFO] assistant: [PTT] Busy — ignoring keypress
2026-03-29 02:54:45,477 [INFO] assistant: [PTT] Busy — ignoring keypress
2026-03-29 02:54:45,517 [INFO] assistant: [PTT] Busy — ignoring keypress
2026-03-29 02:54:45,557 [INFO] assistant: [PTT] Busy — ignoring keypress
2026-03-29 02:54:45,597 [INFO] assistant: [PTT] Busy — ignoring keypress
2026-03-29 02:54:45,637 [INFO] assistant: [PTT] Busy — ignoring keypress
2026-03-29 02:54:45,681 [INFO] assistant: [PTT] Busy — ignoring keypress
2026-03-29 02:54:45,721 [INFO] assistant: [PTT] Busy — ignoring keypress
2026-03-29 02:54:45,762 [INFO] assistant: [PTT] Busy — ignoring keypress
2026-03-29 02:54:45,801 [INFO] assistant: [PTT] Busy — ignoring keypress
2026-03-29 02:54:45,845 [INFO] assistant: [PTT] Busy — ignoring keypress
2026-03-29 02:54:45,889 [INFO] assistant: [PTT] Busy — ignoring keypress
2026-03-29 02:54:45,929 [INFO] assistant: [PTT] Busy — ignoring keypress
2026-03-29 02:54:45,973 [INFO] assistant: [PTT] Busy — ignoring keypress
2026-03-29 02:54:46,018 [INFO] assistant: [PTT] Busy — ignoring keypress
2026-03-29 02:54:46,061 [INFO] assistant: [PTT] Busy — ignoring keypress
2026-03-29 02:54:46,101 [INFO] assistant: [PTT] Busy — ignoring keypress
2026-03-29 02:54:46,141 [INFO] assistant: [PTT] Busy — ignoring keypress
2026-03-29 02:54:46,181 [INFO] assistant: [PTT] Busy — ignoring keypress
2026-03-29 02:54:46,225 [INFO] assistant: [PTT] Busy — ignoring keypress
2026-03-29 02:54:46,265 [INFO] assistant: [PTT] Busy — ignoring keypress
2026-03-29 02:54:46,305 [INFO] assistant: [PTT] Busy — ignoring keypress
2026-03-29 02:54:46,345 [INFO] assistant: [PTT] Busy — ignoring keypress
2026-03-29 02:54:46,389 [INFO] assistant: [PTT] Busy — ignoring keypress
2026-03-29 02:54:46,429 [INFO] assistant: [PTT] Busy — ignoring keypress
2026-03-29 02:54:46,469 [INFO] assistant: [PTT] Busy — ignoring keypress
2026-03-29 02:54:46,509 [INFO] assistant: [PTT] Busy — ignoring keypress
2026-03-29 02:54:46,549 [INFO] assistant: [PTT] Busy — ignoring keypress
2026-03-29 02:54:46,589 [INFO] assistant: [PTT] Busy — ignoring keypress
2026-03-29 02:54:46,629 [INFO] assistant: [PTT] Busy — ignoring keypress
2026-03-29 02:54:46,669 [INFO] assistant: [PTT] Busy — ignoring keypress
2026-03-29 02:54:47,002 [INFO] assistant: [PTT] Recorded 2.8s
2026-03-29 02:54:47,002 [INFO] assistant: [STATE] → processing
2026-03-29 02:54:47,002 [INFO] tts: [TTS] Speaking: 'Processing...'
2026-03-29 02:54:51,258 [INFO] stt: [STT] Transcribing...
2026-03-29 02:54:55,605 [INFO] stt: [STT] Transcribed: 'What is the weather today?'
2026-03-29 02:54:55,605 [INFO] assistant: [PTT] Command: 'What is the weather today?'
2026-03-29 02:54:55,605 [INFO] assistant: [PTT] Response: "I heard you say: What is the weather today?. I'm not sure how to help with that yet."
2026-03-29 02:54:55,605 [INFO] assistant: [STATE] → speaking
2026-03-29 02:54:55,605 [INFO] tts: [TTS] Speaking: "I heard you say: What is the weather today?. I'm not sure how to help with that yet."
2026-03-29 02:55:04,555 [INFO] assistant: [STATE] → idle
2026-03-29 02:55:04,555 [INFO] assistant: [PTT] Ready — press F12 to speak.
2026-03-29 02:56:39,175 [INFO] assistant: ==================================================
2026-03-29 02:56:39,175 [INFO] assistant:   CannaKit Voice Assistant Starting
2026-03-29 02:56:39,175 [INFO] assistant: ==================================================
2026-03-29 02:56:39,175 [INFO] assistant: [ASSISTANT] Loading Whisper model (first run may take a moment)...
2026-03-29 02:56:41,359 [INFO] stt: [STT] Loading Whisper model: base.en
2026-03-29 02:56:42,677 [INFO] stt: [STT] Whisper model loaded.
2026-03-29 02:56:42,677 [INFO] assistant: [ASSISTANT] Whisper ready.
2026-03-29 02:56:42,677 [INFO] tts: [TTS] Speaking: 'CannaKit voice assistant ready. Press F12 to begin.'
2026-03-29 02:56:50,388 [INFO] assistant: [ASSISTANT] Listening for F12 keypress. Ctrl+C to quit.
2026-03-29 02:56:50,389 [INFO] assistant: [F12] Monitoring 11 input device(s) for F12...
2026-03-29 02:56:53,139 [INFO] assistant: [STATE] → recording
2026-03-29 02:56:53,139 [INFO] assistant: [PTT] Recording...
2026-03-29 02:56:53,413 [INFO] assistant: [F12] F12 pressed — triggering assistant
2026-03-29 02:56:53,413 [INFO] assistant: [PTT] Busy — ignoring keypress
2026-03-29 02:56:53,453 [INFO] assistant: [PTT] Busy — ignoring keypress
2026-03-29 02:56:53,493 [INFO] assistant: [PTT] Busy — ignoring keypress
2026-03-29 02:56:53,533 [INFO] assistant: [PTT] Busy — ignoring keypress
2026-03-29 02:56:53,573 [INFO] assistant: [PTT] Busy — ignoring keypress
2026-03-29 02:56:53,613 [INFO] assistant: [PTT] Busy — ignoring keypress
2026-03-29 02:56:53,653 [INFO] assistant: [PTT] Busy — ignoring keypress
2026-03-29 02:56:53,693 [INFO] assistant: [PTT] Busy — ignoring keypress
2026-03-29 02:56:53,733 [INFO] assistant: [PTT] Busy — ignoring keypress
2026-03-29 02:56:53,773 [INFO] assistant: [PTT] Busy — ignoring keypress
2026-03-29 02:56:53,813 [INFO] assistant: [PTT] Busy — ignoring keypress
2026-03-29 02:56:53,853 [INFO] assistant: [PTT] Busy — ignoring keypress
2026-03-29 02:56:53,894 [INFO] assistant: [PTT] Busy — ignoring keypress
2026-03-29 02:56:53,934 [INFO] assistant: [PTT] Busy — ignoring keypress
2026-03-29 02:56:53,978 [INFO] assistant: [PTT] Busy — ignoring keypress
2026-03-29 02:56:54,022 [INFO] assistant: [PTT] Busy — ignoring keypress
2026-03-29 02:56:54,064 [INFO] assistant: [PTT] Busy — ignoring keypress
2026-03-29 02:56:54,102 [INFO] assistant: [PTT] Busy — ignoring keypress
2026-03-29 02:56:54,141 [INFO] assistant: [PTT] Busy — ignoring keypress
2026-03-29 02:56:54,182 [INFO] assistant: [PTT] Busy — ignoring keypress
2026-03-29 02:56:54,225 [INFO] assistant: [PTT] Busy — ignoring keypress
2026-03-29 02:56:54,266 [INFO] assistant: [PTT] Busy — ignoring keypress
2026-03-29 02:56:54,305 [INFO] assistant: [PTT] Busy — ignoring keypress
2026-03-29 02:56:54,346 [INFO] assistant: [PTT] Busy — ignoring keypress
2026-03-29 02:56:54,385 [INFO] assistant: [PTT] Busy — ignoring keypress
2026-03-29 02:56:54,425 [INFO] assistant: [PTT] Busy — ignoring keypress
2026-03-29 02:56:54,466 [INFO] assistant: [PTT] Busy — ignoring keypress
2026-03-29 02:56:54,506 [INFO] assistant: [PTT] Busy — ignoring keypress
2026-03-29 02:56:54,546 [INFO] assistant: [PTT] Busy — ignoring keypress
2026-03-29 02:56:54,589 [INFO] assistant: [PTT] Busy — ignoring keypress
2026-03-29 02:56:54,633 [INFO] assistant: [PTT] Busy — ignoring keypress
2026-03-29 02:56:54,679 [INFO] assistant: [PTT] Busy — ignoring keypress
2026-03-29 02:56:54,718 [INFO] assistant: [PTT] Busy — ignoring keypress
2026-03-29 02:56:54,757 [INFO] assistant: [PTT] Busy — ignoring keypress
2026-03-29 02:56:54,798 [INFO] assistant: [PTT] Busy — ignoring keypress
2026-03-29 02:56:54,841 [INFO] assistant: [PTT] Busy — ignoring keypress
2026-03-29 02:56:54,881 [INFO] assistant: [PTT] Busy — ignoring keypress
2026-03-29 02:56:54,921 [INFO] assistant: [PTT] Busy — ignoring keypress
2026-03-29 02:56:54,962 [INFO] assistant: [PTT] Busy — ignoring keypress
2026-03-29 02:56:55,005 [INFO] assistant: [PTT] Busy — ignoring keypress
2026-03-29 02:56:55,046 [INFO] assistant: [PTT] Busy — ignoring keypress
2026-03-29 02:56:55,086 [INFO] assistant: [PTT] Busy — ignoring keypress
2026-03-29 02:56:55,130 [INFO] assistant: [PTT] Busy — ignoring keypress
2026-03-29 02:56:55,173 [INFO] assistant: [PTT] Busy — ignoring keypress
2026-03-29 02:56:55,217 [INFO] assistant: [PTT] Busy — ignoring keypress
2026-03-29 02:56:55,262 [INFO] assistant: [PTT] Busy — ignoring keypress
2026-03-29 02:56:55,302 [INFO] assistant: [PTT] Busy — ignoring keypress
2026-03-29 02:56:55,345 [INFO] assistant: [PTT] Busy — ignoring keypress
2026-03-29 02:56:55,385 [INFO] assistant: [PTT] Busy — ignoring keypress
2026-03-29 02:56:55,425 [INFO] assistant: [PTT] Busy — ignoring keypress
2026-03-29 02:56:55,466 [INFO] assistant: [PTT] Busy — ignoring keypress
2026-03-29 02:56:55,509 [INFO] assistant: [PTT] Busy — ignoring keypress
2026-03-29 02:56:55,553 [INFO] assistant: [PTT] Busy — ignoring keypress
2026-03-29 02:56:55,597 [INFO] assistant: [PTT] Busy — ignoring keypress
2026-03-29 02:56:55,961 [INFO] assistant: [PTT] Recorded 2.8s
2026-03-29 02:56:55,961 [INFO] assistant: [STATE] → processing
2026-03-29 02:56:55,961 [INFO] tts: [TTS] Speaking: 'Processing...'
2026-03-29 02:57:00,189 [INFO] stt: [STT] Transcribing...
2026-03-29 02:57:04,558 [INFO] stt: [STT] Transcribed: "What's the weather today?"
2026-03-29 02:57:04,559 [INFO] assistant: [PTT] Command: "What's the weather today?"
2026-03-29 02:57:04,559 [INFO] assistant: [PTT] Response: "I heard you say: What's the weather today?. I'm not sure how to help with that yet."
2026-03-29 02:57:04,559 [INFO] assistant: [STATE] → speaking
2026-03-29 02:57:04,559 [INFO] tts: [TTS] Speaking: "I heard you say: What's the weather today?. I'm not sure how to help with that yet."
2026-03-29 02:57:13,109 [INFO] assistant: [STATE] → idle
2026-03-29 02:57:13,109 [INFO] assistant: [PTT] Ready — press F12 to speak.
2026-03-29 02:59:08,710 [INFO] assistant: ==================================================
2026-03-29 02:59:08,710 [INFO] assistant:   CannaKit Voice Assistant Starting
2026-03-29 02:59:08,710 [INFO] assistant: ==================================================
2026-03-29 02:59:08,710 [INFO] assistant: [ASSISTANT] Loading Whisper model (first run may take a moment)...
2026-03-29 02:59:11,035 [INFO] stt: [STT] Loading Whisper model: base.en
2026-03-29 02:59:12,468 [INFO] stt: [STT] Whisper model loaded.
2026-03-29 02:59:12,468 [INFO] assistant: [ASSISTANT] Whisper ready.
2026-03-29 02:59:12,468 [INFO] tts: [TTS] Speaking: 'CannaKit voice assistant ready. Press F12 to begin.'
2026-03-29 02:59:19,714 [INFO] assistant: [ASSISTANT] Listening for F12 keypress. Ctrl+C to quit.
2026-03-29 02:59:19,715 [INFO] assistant: [F12] Monitoring 11 input device(s) for F12...
2026-03-29 02:59:21,857 [INFO] assistant: [STATE] → recording
2026-03-29 02:59:21,857 [INFO] assistant: [PTT] Recording...
2026-03-29 02:59:22,121 [INFO] assistant: [F12] F12 pressed — triggering assistant
2026-03-29 02:59:22,121 [INFO] assistant: [PTT] Busy — ignoring keypress
2026-03-29 02:59:22,166 [INFO] assistant: [PTT] Busy — ignoring keypress
2026-03-29 02:59:22,205 [INFO] assistant: [PTT] Busy — ignoring keypress
2026-03-29 02:59:22,249 [INFO] assistant: [PTT] Busy — ignoring keypress
2026-03-29 02:59:22,294 [INFO] assistant: [PTT] Busy — ignoring keypress
2026-03-29 02:59:22,333 [INFO] assistant: [PTT] Busy — ignoring keypress
2026-03-29 02:59:22,373 [INFO] assistant: [PTT] Busy — ignoring keypress
2026-03-29 02:59:22,413 [INFO] assistant: [PTT] Busy — ignoring keypress
2026-03-29 02:59:22,453 [INFO] assistant: [PTT] Busy — ignoring keypress
2026-03-29 02:59:22,493 [INFO] assistant: [PTT] Busy — ignoring keypress
2026-03-29 02:59:22,533 [INFO] assistant: [PTT] Busy — ignoring keypress
2026-03-29 02:59:22,573 [INFO] assistant: [PTT] Busy — ignoring keypress
2026-03-29 02:59:22,613 [INFO] assistant: [PTT] Busy — ignoring keypress
2026-03-29 02:59:22,653 [INFO] assistant: [PTT] Busy — ignoring keypress
2026-03-29 02:59:22,693 [INFO] assistant: [PTT] Busy — ignoring keypress
2026-03-29 02:59:22,733 [INFO] assistant: [PTT] Busy — ignoring keypress
2026-03-29 02:59:22,773 [INFO] assistant: [PTT] Busy — ignoring keypress
2026-03-29 02:59:22,813 [INFO] assistant: [PTT] Busy — ignoring keypress
2026-03-29 02:59:22,853 [INFO] assistant: [PTT] Busy — ignoring keypress
2026-03-29 02:59:22,894 [INFO] assistant: [PTT] Busy — ignoring keypress
2026-03-29 02:59:22,934 [INFO] assistant: [PTT] Busy — ignoring keypress
2026-03-29 02:59:22,973 [INFO] assistant: [PTT] Busy — ignoring keypress
2026-03-29 02:59:23,013 [INFO] assistant: [PTT] Busy — ignoring keypress
2026-03-29 02:59:23,053 [INFO] assistant: [PTT] Busy — ignoring keypress
2026-03-29 02:59:23,094 [INFO] assistant: [PTT] Busy — ignoring keypress
2026-03-29 02:59:23,137 [INFO] assistant: [PTT] Busy — ignoring keypress
2026-03-29 02:59:23,177 [INFO] assistant: [PTT] Busy — ignoring keypress
2026-03-29 02:59:23,217 [INFO] assistant: [PTT] Busy — ignoring keypress
2026-03-29 02:59:23,257 [INFO] assistant: [PTT] Busy — ignoring keypress
2026-03-29 02:59:23,299 [INFO] assistant: [PTT] Busy — ignoring keypress
2026-03-29 02:59:23,337 [INFO] assistant: [PTT] Busy — ignoring keypress
2026-03-29 02:59:23,377 [INFO] assistant: [PTT] Busy — ignoring keypress
2026-03-29 02:59:23,417 [INFO] assistant: [PTT] Busy — ignoring keypress
2026-03-29 02:59:23,458 [INFO] assistant: [PTT] Busy — ignoring keypress
2026-03-29 02:59:23,501 [INFO] assistant: [PTT] Busy — ignoring keypress
2026-03-29 02:59:23,541 [INFO] assistant: [PTT] Busy — ignoring keypress
2026-03-29 02:59:23,581 [INFO] assistant: [PTT] Busy — ignoring keypress
2026-03-29 02:59:23,621 [INFO] assistant: [PTT] Busy — ignoring keypress
2026-03-29 02:59:23,661 [INFO] assistant: [PTT] Busy — ignoring keypress
2026-03-29 02:59:23,701 [INFO] assistant: [PTT] Busy — ignoring keypress
2026-03-29 02:59:23,741 [INFO] assistant: [PTT] Busy — ignoring keypress
2026-03-29 02:59:23,782 [INFO] assistant: [PTT] Busy — ignoring keypress
2026-03-29 02:59:23,821 [INFO] assistant: [PTT] Busy — ignoring keypress
2026-03-29 02:59:23,861 [INFO] assistant: [PTT] Busy — ignoring keypress
2026-03-29 02:59:23,901 [INFO] assistant: [PTT] Busy — ignoring keypress
2026-03-29 02:59:23,941 [INFO] assistant: [PTT] Busy — ignoring keypress
2026-03-29 02:59:23,981 [INFO] assistant: [PTT] Busy — ignoring keypress
2026-03-29 02:59:24,021 [INFO] assistant: [PTT] Busy — ignoring keypress
2026-03-29 02:59:24,063 [INFO] assistant: [PTT] Busy — ignoring keypress
2026-03-29 02:59:24,101 [INFO] assistant: [PTT] Busy — ignoring keypress
2026-03-29 02:59:24,141 [INFO] assistant: [PTT] Busy — ignoring keypress
2026-03-29 02:59:24,476 [INFO] assistant: [PTT] Recorded 2.6s
2026-03-29 02:59:24,476 [INFO] assistant: [STATE] → processing
2026-03-29 02:59:24,476 [INFO] tts: [TTS] Speaking: 'Processing...'
2026-03-29 02:59:28,562 [INFO] stt: [STT] Transcribing...
2026-03-29 02:59:32,732 [INFO] stt: [STT] Transcribed: 'What is the weather?'
2026-03-29 02:59:32,733 [INFO] assistant: [PTT] Command: 'What is the weather?'
2026-03-29 02:59:32,733 [INFO] assistant: [PTT] Response: "I heard you say: What is the weather?. I'm not sure how to help with that yet."
2026-03-29 02:59:32,733 [INFO] assistant: [STATE] → speaking
2026-03-29 02:59:32,733 [INFO] tts: [TTS] Speaking: "I heard you say: What is the weather?. I'm not sure how to help with that yet."
2026-03-29 02:59:40,937 [INFO] assistant: [STATE] → idle
2026-03-29 02:59:40,938 [INFO] assistant: [PTT] Ready — press F12 to speak.
2026-03-29 03:01:10,134 [INFO] assistant: ==================================================
2026-03-29 03:01:10,136 [INFO] assistant:   CannaKit Voice Assistant Starting
2026-03-29 03:01:10,136 [INFO] assistant: ==================================================
2026-03-29 03:01:10,136 [INFO] assistant: [ASSISTANT] Loading Whisper model (first run may take a moment)...
2026-03-29 03:01:16,000 [INFO] stt: [STT] Loading Whisper model: base.en
2026-03-29 03:01:20,383 [INFO] stt: [STT] Whisper model loaded.
2026-03-29 03:01:20,383 [INFO] assistant: [ASSISTANT] Whisper ready.
2026-03-29 03:01:20,383 [INFO] tts: [TTS] Speaking: 'CannaKit voice assistant ready. Press F12 to begin.'
2026-03-29 03:01:31,010 [INFO] assistant: [ASSISTANT] Listening for F12 keypress. Ctrl+C to quit.
2026-03-29 03:01:31,010 [INFO] assistant: [F12] Monitoring 10 input device(s) for F12...
2026-03-29 04:26:11,361 [INFO] assistant: ==================================================
2026-03-29 04:26:11,363 [INFO] assistant:   CannaKit Voice Assistant Starting
2026-03-29 04:26:11,364 [INFO] assistant: ==================================================
2026-03-29 04:26:11,364 [INFO] assistant: [ASSISTANT] Loading Whisper model (first run may take a moment)...
2026-03-29 04:26:18,736 [INFO] stt: [STT] Loading Whisper model: base.en
2026-03-29 04:26:22,938 [INFO] stt: [STT] Whisper model loaded.
2026-03-29 04:26:22,938 [INFO] assistant: [ASSISTANT] Whisper ready.
2026-03-29 04:26:22,938 [INFO] tts: [TTS] Speaking: 'CannaKit voice assistant ready. Press F12 to begin.'
2026-03-29 04:26:32,265 [INFO] assistant: [ASSISTANT] Listening for F12 keypress. Ctrl+C to quit.
2026-03-29 04:26:32,267 [INFO] assistant: [F12] Monitoring 10 input device(s) for F12...
2026-03-29 07:44:12,509 [INFO] assistant: ==================================================
2026-03-29 07:44:12,509 [INFO] assistant:   CannaKit Voice Assistant Starting
2026-03-29 07:44:12,510 [INFO] assistant: ==================================================
2026-03-29 07:44:12,510 [INFO] assistant: [ASSISTANT] Loading Whisper model (first run may take a moment)...
2026-03-29 07:44:24,553 [INFO] stt: [STT] Loading Whisper model: base.en
2026-03-29 07:47:20,817 [INFO] stt: [STT] Whisper model loaded.
2026-03-29 07:47:20,817 [INFO] assistant: [ASSISTANT] Whisper ready.
2026-03-29 07:47:20,817 [INFO] tts: [TTS] Speaking: 'CannaKit voice assistant ready. Press F12 to begin.'
2026-03-29 07:47:40,489 [INFO] assistant: [F12] Monitoring 10 input device(s) for F12...
2026-03-29 07:47:40,490 [INFO] assistant: [ASSISTANT] Listening for F12 keypress. Ctrl+C to quit.
2026-03-29 13:36:57,028 [INFO] assistant: ==================================================
2026-03-29 13:36:57,030 [INFO] assistant:   CannaKit Voice Assistant Starting
2026-03-29 13:36:57,030 [INFO] assistant: ==================================================
2026-03-29 13:36:57,030 [INFO] assistant: [ASSISTANT] Loading Whisper model (first run may take a moment)...
2026-03-29 13:36:58,904 [INFO] stt: [STT] Loading Whisper model: base.en
2026-03-29 13:37:00,194 [INFO] stt: [STT] Whisper model loaded.
2026-03-29 13:37:00,194 [INFO] assistant: [ASSISTANT] Whisper ready.
2026-03-29 13:37:00,194 [INFO] tts: [TTS] Speaking: 'CannaKit voice assistant ready. Press F12 to begin.'
2026-03-29 13:37:04,903 [INFO] assistant: [ASSISTANT] Listening for F12 keypress. Ctrl+C to quit.
2026-03-29 13:37:04,903 [INFO] assistant: [F12] Monitoring 10 input device(s) for F12...
2026-03-29 13:37:09,743 [INFO] assistant: [F12] F12 pressed — triggering assistant
2026-03-29 13:45:20,522 [INFO] assistant: ==================================================
2026-03-29 13:45:20,522 [INFO] assistant:   CannaKit Voice Assistant Starting
2026-03-29 13:45:20,522 [INFO] assistant: ==================================================
2026-03-29 13:45:20,523 [INFO] assistant: [ASSISTANT] Loading Whisper model (first run may take a moment)...
2026-03-29 13:45:27,457 [INFO] stt: [STT] Loading Whisper model: base.en
2026-03-29 13:45:29,610 [INFO] stt: [STT] Whisper model loaded.
2026-03-29 13:45:29,610 [INFO] assistant: [ASSISTANT] Whisper ready.
2026-03-29 13:45:29,610 [INFO] tts: [TTS] Speaking: 'CannaKit voice assistant ready. Press F12 to begin.'
2026-03-29 13:45:34,848 [INFO] assistant: [ASSISTANT] Listening for F12 keypress. Ctrl+C to quit.
2026-03-29 13:45:34,849 [INFO] assistant: [F12] Monitoring 10 input device(s) for F12...
2026-03-29 13:45:44,855 [INFO] assistant: [F12] F12 pressed — triggering assistant
2026-03-29 13:46:06,391 [INFO] assistant: [F12] F12 pressed — triggering assistant
2026-03-29 13:51:21,448 [INFO] assistant: ==================================================
2026-03-29 13:51:21,448 [INFO] assistant:   CannaKit Voice Assistant Starting
2026-03-29 13:51:21,448 [INFO] assistant: ==================================================
2026-03-29 13:51:21,448 [INFO] assistant: [ASSISTANT] Loading Whisper model (first run may take a moment)...
2026-03-29 13:51:23,177 [INFO] stt: [STT] Loading Whisper model: base.en
2026-03-29 13:51:24,587 [INFO] stt: [STT] Whisper model loaded.
2026-03-29 13:51:24,588 [INFO] assistant: [ASSISTANT] Whisper ready.
2026-03-29 13:51:24,589 [INFO] tts: [TTS] Speaking: 'CannaKit voice assistant ready. Press F12 to begin.'
2026-03-29 13:51:29,225 [INFO] assistant: [ASSISTANT] Listening for F12 keypress. Ctrl+C to quit.
2026-03-29 13:51:29,226 [INFO] assistant: [F12] Monitoring 10 input device(s) for F12...
2026-03-29 13:51:57,179 [INFO] assistant: [F12] F12 pressed — triggering assistant
2026-03-29 13:53:21,569 [INFO] assistant: ==================================================
2026-03-29 13:53:21,569 [INFO] assistant:   CannaKit Voice Assistant Starting
2026-03-29 13:53:21,569 [INFO] assistant: ==================================================
2026-03-29 13:53:21,569 [INFO] assistant: [ASSISTANT] Loading Whisper model (first run may take a moment)...
2026-03-29 13:53:23,216 [INFO] stt: [STT] Loading Whisper model: base.en
2026-03-29 13:53:24,469 [INFO] stt: [STT] Whisper model loaded.
2026-03-29 13:53:24,470 [INFO] assistant: [ASSISTANT] Whisper ready.
2026-03-29 13:53:24,470 [INFO] tts: [TTS] Speaking: 'CannaKit voice assistant ready. Press F12 to begin.'
2026-03-29 13:53:29,208 [INFO] assistant: [ASSISTANT] Listening for F12 keypress. Ctrl+C to quit.
2026-03-29 13:53:29,209 [INFO] assistant: [F12] Monitoring 10 input device(s) for F12...
2026-03-29 13:53:34,295 [INFO] assistant: [F12] F12 pressed — triggering assistant
2026-03-29 13:54:45,691 [INFO] assistant: [ASSISTANT] Shutting down...
2026-03-29 13:54:45,692 [INFO] tts: [TTS] Speaking: 'Goodbye.'
2026-03-29 13:54:47,474 [INFO] assistant: [ASSISTANT] Stopped.
2026-03-29 13:56:18,545 [INFO] assistant: ==================================================
2026-03-29 13:56:18,545 [INFO] assistant:   CannaKit Voice Assistant Starting
2026-03-29 13:56:18,545 [INFO] assistant: ==================================================
2026-03-29 13:56:18,545 [INFO] assistant: [ASSISTANT] Loading Whisper model (first run may take a moment)...
2026-03-29 13:56:20,171 [INFO] stt: [STT] Loading Whisper model: base.en
2026-03-29 13:56:21,422 [INFO] stt: [STT] Whisper model loaded.
2026-03-29 13:56:21,424 [INFO] assistant: [ASSISTANT] Whisper ready.
2026-03-29 13:56:21,424 [INFO] tts: [TTS] Speaking: 'CannaKit voice assistant ready. Press F12 to begin.'
2026-03-29 13:56:26,418 [INFO] assistant: [ASSISTANT] Listening for F12 keypress. Ctrl+C to quit.
2026-03-29 13:56:26,418 [INFO] assistant: [F12] Monitoring 10 input device(s) for F12...
2026-03-29 13:56:28,279 [INFO] assistant: [F12] F12 pressed — triggering assistant
2026-03-29 13:57:02,491 [INFO] assistant: [ASSISTANT] Shutting down...
2026-03-29 13:57:02,491 [INFO] tts: [TTS] Speaking: 'Goodbye.'
2026-03-29 13:57:04,290 [INFO] assistant: [ASSISTANT] Stopped.
2026-03-29 13:57:40,862 [INFO] assistant: ==================================================
2026-03-29 13:57:40,862 [INFO] assistant:   CannaKit Voice Assistant Starting
2026-03-29 13:57:40,862 [INFO] assistant: ==================================================
2026-03-29 13:57:40,862 [INFO] assistant: [ASSISTANT] Loading Whisper model (first run may take a moment)...
2026-03-29 13:57:42,605 [INFO] stt: [STT] Loading Whisper model: base.en
2026-03-29 13:57:43,849 [INFO] stt: [STT] Whisper model loaded.
2026-03-29 13:57:43,850 [INFO] assistant: [ASSISTANT] Whisper ready.
2026-03-29 13:57:43,850 [INFO] tts: [TTS] Speaking: 'CannaKit voice assistant ready. Press F12 to begin.'
2026-03-29 13:57:48,668 [INFO] assistant: [ASSISTANT] Listening for F12 keypress. Ctrl+C to quit.
2026-03-29 13:57:48,668 [INFO] assistant: [F12] Monitoring 10 input device(s) for F12...
2026-03-29 13:57:50,173 [INFO] assistant: [F12] F12 pressed — triggering assistant
2026-03-29 13:57:58,605 [INFO] assistant: [F12] F12 pressed — triggering assistant
2026-03-29 13:58:28,615 [INFO] assistant: [ASSISTANT] Shutting down...
2026-03-29 13:58:28,615 [INFO] tts: [TTS] Speaking: 'Goodbye.'
2026-03-29 13:58:30,114 [INFO] assistant: [ASSISTANT] Stopped.
2026-03-29 14:00:58,523 [INFO] assistant: ==================================================
2026-03-29 14:00:58,523 [INFO] assistant:   CannaKit Voice Assistant Starting
2026-03-29 14:00:58,523 [INFO] assistant: ==================================================
2026-03-29 14:00:58,523 [INFO] assistant: [ASSISTANT] Loading Whisper model (first run may take a moment)...
2026-03-29 14:01:00,181 [INFO] stt: [STT] Loading Whisper model: base.en
2026-03-29 14:01:01,415 [INFO] stt: [STT] Whisper model loaded.
2026-03-29 14:01:01,415 [INFO] assistant: [ASSISTANT] Whisper ready.
2026-03-29 14:01:01,415 [INFO] tts: [TTS] Speaking: 'CannaKit voice assistant ready. Press F12 to begin.'
2026-03-29 14:01:06,877 [INFO] assistant: [ASSISTANT] Listening for F12 keypress. Ctrl+C to quit.
2026-03-29 14:01:06,878 [INFO] assistant: [F12] Monitoring 10 input device(s) for F12...
2026-03-29 14:01:10,509 [INFO] assistant: [F12] F12 pressed — triggering assistant
2026-03-29 14:02:14,968 [INFO] assistant: [ASSISTANT] Shutting down...
2026-03-29 14:02:14,969 [INFO] tts: [TTS] Speaking: 'Goodbye.'
2026-03-29 14:02:16,479 [INFO] assistant: [ASSISTANT] Stopped.
2026-03-29 14:08:25,130 [INFO] assistant: ==================================================
2026-03-29 14:08:25,130 [INFO] assistant:   CannaKit Voice Assistant Starting
2026-03-29 14:08:25,130 [INFO] assistant: ==================================================
2026-03-29 14:08:25,130 [INFO] assistant: [ASSISTANT] Loading Whisper model (first run may take a moment)...
2026-03-29 14:08:26,819 [INFO] stt: [STT] Loading Whisper model: base.en
2026-03-29 14:08:28,318 [INFO] stt: [STT] Whisper model loaded.
2026-03-29 14:08:28,318 [INFO] assistant: [ASSISTANT] Whisper ready.
2026-03-29 14:08:28,318 [INFO] tts: [TTS] Speaking: 'CannaKit voice assistant ready. Press F12 to begin.'
2026-03-29 14:08:33,088 [INFO] assistant: [ASSISTANT] Listening for F12 keypress. Ctrl+C to quit.
2026-03-29 14:08:33,088 [INFO] assistant: [F12] Monitoring 10 input device(s) for F12...
2026-03-29 14:08:49,733 [INFO] assistant: [F12] F12 pressed — triggering assistant
2026-03-29 14:09:20,143 [INFO] assistant: [ASSISTANT] Shutting down...
2026-03-29 14:09:20,144 [INFO] tts: [TTS] Speaking: 'Goodbye.'
2026-03-29 14:09:21,596 [INFO] assistant: [ASSISTANT] Stopped.
2026-03-29 14:14:53,245 [INFO] assistant: ==================================================
2026-03-29 14:14:53,246 [INFO] assistant:   CannaKit Voice Assistant Starting
2026-03-29 14:14:53,246 [INFO] assistant: ==================================================
2026-03-29 14:14:53,246 [INFO] assistant: [ASSISTANT] Loading Whisper model (first run may take a moment)...
2026-03-29 14:14:55,028 [INFO] stt: [STT] Loading Whisper model: base.en
2026-03-29 14:14:56,250 [INFO] stt: [STT] Whisper model loaded.
2026-03-29 14:14:56,251 [INFO] assistant: [ASSISTANT] Whisper ready.
2026-03-29 14:14:56,251 [INFO] tts: [TTS] Speaking: 'CannaKit voice assistant ready. Press F12 to begin.'
2026-03-29 14:15:01,041 [INFO] assistant: [ASSISTANT] Listening for F12 keypress. Ctrl+C to quit.
2026-03-29 14:15:01,041 [INFO] assistant: [F12] Monitoring 10 input device(s) for F12...
2026-03-29 14:15:05,731 [INFO] assistant: [F12] F12 pressed — triggering assistant
2026-03-29 14:15:46,333 [INFO] assistant: [ASSISTANT] Shutting down...
2026-03-29 14:15:46,334 [INFO] tts: [TTS] Speaking: 'Goodbye.'
2026-03-29 14:15:47,932 [INFO] assistant: [ASSISTANT] Stopped.
